filename,product_name,image_urls,short_description,long_description,categories,stock_status,is_complete
movable-food-container.html,Trolly Rice Storage/Movable Food Container,"['https://rabeyaenterprise.com/wp-content/uploads/2021/10/Trolly-Rice-StorageMovable-Food-Container.jpg', 'https://rabeyaenterprise.com/wp-content/uploads/2021/10/Trolly-Rice-StorageMovable-Food-Container2.webp', 'https://rabeyaenterprise.com/wp-content/uploads/2021/10/Trolly-Rice-StorageMovable-Food-Container-150x150.jpg', 'https://rabeyaenterprise.com/wp-content/uploads/2021/10/Trolly-Rice-StorageMovable-Food-Container2-150x150.webp']","Movable Rice Container Plastic Airtight Pet Food Container with wheelBlack, Wood",,[],,False
double-layer-adjustable-reading-table.html,DOUBLE LAYER ADJUSTABLE READING TABLE,"['https://rabeyaenterprise.com/wp-content/uploads/2025/11/DOUBLE-LAYER-ADJUSTABLE-READING-TABLE-1.jpg', 'https://rabeyaenterprise.com/wp-content/uploads/2025/11/Double-layer-Table-011.jpg', 'https://rabeyaenterprise.com/wp-content/uploads/2025/11/Double-layer-Table-010.jpg', 'https://rabeyaenterprise.com/wp-content/uploads/2025/11/Double-layer-Table-09.jpg', 'https://rabeyaenterprise.com/wp-content/uploads/2025/11/DOUBLE-LAYER-ADJUSTABLE-READING-TABLE.jpg', 'https://rabeyaenterprise.com/wp-content/uploads/2025/11/DOUBLE-LAYER-ADJUSTABLE-READING-TABLE6.jpg', 'https://rabeyaenterprise.com/wp-content/uploads/2025/11/Double-layer-Table-03.jpg', 'https://rabeyaenterprise.com/wp-content/uploads/2025/11/Double-layer-Table-06.jpg', 'https://rabeyaenterprise.com/wp-content/uploads/2025/11/Double-layer-Table-02.jpg', 'https://rabeyaenterprise.com/wp-content/uploads/2025/11/DOUBLE-LAYER-ADJUSTABLE-READING-TABLE-1-150x150.jpg', 'https://rabeyaenterprise.com/wp-content/uploads/2025/11/Double-layer-Table-011-150x150.jpg', 'https://rabeyaenterprise.com/wp-content/uploads/2025/11/Double-layer-Table-010-150x150.jpg', 'https://rabeyaenterprise.com/wp-content/uploads/2025/11/Double-layer-Table-09-150x150.jpg', 'https://rabeyaenterprise.com/wp-content/uploads/2025/11/DOUBLE-LAYER-ADJUSTABLE-READING-TABLE-150x150.jpg', 'https://rabeyaenterprise.com/wp-content/uploads/2025/11/DOUBLE-LAYER-ADJUSTABLE-READING-TABLE6-150x150.jpg', 'https://rabeyaenterprise.com/wp-content/uploads/2025/11/Double-layer-Table-03-150x150.jpg', 'https://rabeyaenterprise.com/wp-content/uploads/2025/11/Double-layer-Table-06-150x150.jpg', 'https://rabeyaenterprise.com/wp-content/uploads/2025/11/Double-layer-Table-02-150x150.jpg']","Black, Wood, Maroon,",,[],,False
electric-coffee-grinder.html,Coffee Grinder Food Processor,"['https://rabeyaenterprise.com/wp-content/uploads/2024/01/Electric-coffee-Grinder-8.jpg', 'https://rabeyaenterprise.com/wp-content/uploads/2024/01/Electric-coffee-Grinder-1.jpg', 'https://rabeyaenterprise.com/wp-content/uploads/2024/01/Electric-coffee-Grinder-2.jpg', 'https://rabeyaenterprise.com/wp-content/uploads/2024/01/Electric-coffee-Grinder-7.jpg', 'https://rabeyaenterprise.com/wp-content/uploads/2024/01/Electric-coffee-Grinder-6.jpg', 'https://rabeyaenterprise.com/wp-content/uploads/2024/01/Electric-coffee-Grinder-5.jpg', 'https://rabeyaenterprise.com/wp-content/uploads/2024/01/Electric-coffee-Grinder-4.jpg', 'https://rabeyaenterprise.com/wp-content/uploads/2024/01/Electric-coffee-Grinder-3.jpg', 'https://rabeyaenterprise.com/wp-content/uploads/2024/01/Electric-coffee-Grinder-8-150x150.jpg', 'https://rabeyaenterprise.com/wp-content/uploads/2024/01/Electric-coffee-Grinder-1-150x150.jpg', 'https://rabeyaenterprise.com/wp-content/uploads/2024/01/Electric-coffee-Grinder-2-150x150.jpg', 'https://rabeyaenterprise.com/wp-content/uploads/2024/01/Electric-coffee-Grinder-7-150x150.jpg', 'https://rabeyaenterprise.com/wp-content/uploads/2024/01/Electric-coffee-Grinder-6-150x148.jpg', 'https://rabeyaenterprise.com/wp-content/uploads/2024/01/Electric-coffee-Grinder-5-150x146.jpg', 'https://rabeyaenterprise.com/wp-content/uploads/2024/01/Electric-coffee-Grinder-4-150x150.jpg', 'https://rabeyaenterprise.com/wp-content/uploads/2024/01/Electric-coffee-Grinder-3-150x150.jpg']",,,[],,False
energy-card.html,Energy Card,['https://rabeyaenterprise.com/wp-content/uploads/2023/10/Energy-Card.jpg'],,,[],,False
double-layer-mini-cooking-hot-pot.html,Double Layer Mini Cooking Hot Pot,"['https://rabeyaenterprise.com/wp-content/uploads/2024/06/Double-Layer-Mini-Cooking-Hot-Pot-1.jpg', 'https://rabeyaenterprise.com/wp-content/uploads/2024/06/Double-Layer-Mini-Cooking-Hot-Pot-6.jpg', 'https://rabeyaenterprise.com/wp-content/uploads/2024/06/Double-Layer-Mini-Cooking-Hot-Pot-4.jpg', 'https://rabeyaenterprise.com/wp-content/uploads/2024/06/Double-Layer-Mini-Cooking-Hot-Pot-3.jpg', 'https://rabeyaenterprise.com/wp-content/uploads/2024/06/Double-Layer-Mini-Cooking-Hot-Pot-2.jpg', 'https://rabeyaenterprise.com/wp-content/uploads/2024/06/Double-Layer-Mini-Cooking-Hot-Pot-1-150x150.jpg', 'https://rabeyaenterprise.com/wp-content/uploads/2024/06/Double-Layer-Mini-Cooking-Hot-Pot-6-150x150.jpg', 'https://rabeyaenterprise.com/wp-content/uploads/2024/06/Double-Layer-Mini-Cooking-Hot-Pot-4-150x150.jpg', 'https://rabeyaenterprise.com/wp-content/uploads/2024/06/Double-Layer-Mini-Cooking-Hot-Pot-3-150x150.jpg', 'https://rabeyaenterprise.com/wp-content/uploads/2024/06/Double-Layer-Mini-Cooking-Hot-Pot-2-150x150.jpg']",,,[],,False
vascular-comfortable-ointment.html,VASCULAR COMFORTABLE OINTMENT,"['https://rabeyaenterprise.com/wp-content/uploads/2023/11/VASCULAR-COMFORTABLE-OINTMENT.jpg', 'https://rabeyaenterprise.com/wp-content/uploads/2023/11/VASCULAR-COMFORTABLE-OINTMENT-7.jpg', 'https://rabeyaenterprise.com/wp-content/uploads/2023/11/VASCULAR-COMFORTABLE-OINTMENT6.jpg', 'https://rabeyaenterprise.com/wp-content/uploads/2023/11/VASCULAR-COMFORTABLE-OINTMENT4.jpg', 'https://rabeyaenterprise.com/wp-content/uploads/2023/11/VASCULAR-COMFORTABLE-OINTMENT3.jpg', 'https://rabeyaenterprise.com/wp-content/uploads/2023/11/VASCULAR-COMFORTABLE-OINTMENT2.jpg', 'https://rabeyaenterprise.com/wp-content/uploads/2023/11/VASCULAR-COMFORTABLE-OINTMENT-150x150.jpg', 'https://rabeyaenterprise.com/wp-content/uploads/2023/11/VASCULAR-COMFORTABLE-OINTMENT-7-150x150.jpg', 'https://rabeyaenterprise.com/wp-content/uploads/2023/11/VASCULAR-COMFORTABLE-OINTMENT6-150x150.jpg', 'https://rabeyaenterprise.com/wp-content/uploads/2023/11/VASCULAR-COMFORTABLE-OINTMENT4-150x150.jpg', 'https://rabeyaenterprise.com/wp-content/uploads/2023/11/VASCULAR-COMFORTABLE-OINTMENT3-150x150.jpg', 'https://rabeyaenterprise.com/wp-content/uploads/2023/11/VASCULAR-COMFORTABLE-OINTMENT2-150x150.jpg']",,,[],,False
rotating-spice-rack.html,Rotating Spice Rack,"['https://rabeyaenterprise.com/wp-content/uploads/2022/05/Rotating-Spice-Rack.jpg', 'https://rabeyaenterprise.com/wp-content/uploads/2022/05/Rotating-Spice-Rack3.jpg', 'https://rabeyaenterprise.com/wp-content/uploads/2022/05/Rotating-Spice-Rack2.jpg', 'https://rabeyaenterprise.com/wp-content/uploads/2022/05/Rotating-Spice-Rack-150x150.jpg', 'https://rabeyaenterprise.com/wp-content/uploads/2022/05/Rotating-Spice-Rack3-150x150.jpg', 'https://rabeyaenterprise.com/wp-content/uploads/2022/05/Rotating-Spice-Rack2-150x150.jpg']",Rotating 5-Tier Kitchen Sugar Salt Pepper Spices Rack Seasoning Storage Box Pot For Condiment Spice Jar Kitchen Accessories,,[],,False
automatic-yogurt-maker-1l.html,Automatic Yogurt Maker 1L (Doi Maker),"['https://rabeyaenterprise.com/wp-content/uploads/2025/05/Autamatic-Yogurt-Maker-1.7L-2.jpg', 'https://rabeyaenterprise.com/wp-content/uploads/2025/10/Yougurt-Maker-1L.jpg', 'https://rabeyaenterprise.com/wp-content/uploads/2021/08/Electric-Doi-Maker-F2.jpg', 'https://rabeyaenterprise.com/wp-content/uploads/2021/08/Electric-Doi-Maker-F3.jpg', 'https://rabeyaenterprise.com/wp-content/uploads/2025/05/Autamatic-Yogurt-Maker-1.7L-2-150x150.jpg', 'https://rabeyaenterprise.com/wp-content/uploads/2025/10/Yougurt-Maker-1L-150x150.jpg', 'https://rabeyaenterprise.com/wp-content/uploads/2021/08/Electric-Doi-Maker-F2-150x150.jpg', 'https://rabeyaenterprise.com/wp-content/uploads/2021/08/Electric-Doi-Maker-F3-150x150.jpg']","COLOUR AVAILABLE ….PINK,GREEN",,[],,False
3d-firework-led-decorative-light-bulb.html,3D Firework Led Decorative Light Bulb,"['https://rabeyaenterprise.com/wp-content/uploads/2024/02/3D-Firework-Led-Decorative-Light-Bulb.jpg', 'https://rabeyaenterprise.com/wp-content/uploads/2024/02/3D-Firework-Led-Decorative-Light-Bulb3.jpg', 'https://rabeyaenterprise.com/wp-content/uploads/2024/02/3D-Firework-Led-Decorative-Light-Bulb2.jpg', 'https://rabeyaenterprise.com/wp-content/uploads/2024/02/3D-Firework-Led-Decorative-Light-Bulb-150x150.jpg', 'https://rabeyaenterprise.com/wp-content/uploads/2024/02/3D-Firework-Led-Decorative-Light-Bulb3-150x150.jpg', 'https://rabeyaenterprise.com/wp-content/uploads/2024/02/3D-Firework-Led-Decorative-Light-Bulb2-150x150.jpg']",,,[],,False
dumpling-mold-double-head-automatic.html,Dumpling Mold Double Head Automatic,"['https://rabeyaenterprise.com/wp-content/uploads/2022/11/Dumpling-Mold-.jpg', 'https://rabeyaenterprise.com/wp-content/uploads/2022/11/Dumpling-Mold-Double-Head-Automatic-F1.jpg', 'https://rabeyaenterprise.com/wp-content/uploads/2022/11/Dumpling-Mold-Double-Head-Automatic-F3.jpg', 'https://rabeyaenterprise.com/wp-content/uploads/2022/11/Dumpling-Mold-Double-Head-Automatic-F2.jpg', 'https://rabeyaenterprise.com/wp-content/uploads/2022/11/Dumpling-Mold--150x150.jpg', 'https://rabeyaenterprise.com/wp-content/uploads/2022/11/Dumpling-Mold-Double-Head-Automatic-F1-150x150.jpg', 'https://rabeyaenterprise.com/wp-content/uploads/2022/11/Dumpling-Mold-Double-Head-Automatic-F3-150x150.jpg', 'https://rabeyaenterprise.com/wp-content/uploads/2022/11/Dumpling-Mold-Double-Head-Automatic-F2-150x150.jpg']","Description:Product Name: Household Double Head Automatic Dumpling Maker MouldColor: WhiteMaterial: 304 stainless steel + ABSPackage including:1PC x Dumpling Maker(only)How to use?1. Open the unlocking device2. Place the dumpling wrappers on the dumpling mold3. Put the prepared dumpling filling on the dumpling skin4. Press down, the wrapped dumplings will fall down automatic",,[],,False
bops-manuka-honey.html,BOPS MANUKA HONEY,"['https://rabeyaenterprise.com/wp-content/uploads/2023/11/BOPS-MANUKA-HONEY.jpg', 'https://rabeyaenterprise.com/wp-content/uploads/2023/11/BOPS-MANUKA-HONEY3.jpg', 'https://rabeyaenterprise.com/wp-content/uploads/2023/11/BOPS-MANUKA-HONEY2.jpg', 'https://rabeyaenterprise.com/wp-content/uploads/2023/11/BOPS-MANUKA-HONEY-150x150.jpg', 'https://rabeyaenterprise.com/wp-content/uploads/2023/11/BOPS-MANUKA-HONEY3-150x150.jpg', 'https://rabeyaenterprise.com/wp-content/uploads/2023/11/BOPS-MANUKA-HONEY2-150x150.jpg']",,,[],,False
watch-box-6-grid.html,Watch Box 6 grid,['https://rabeyaenterprise.com/wp-content/uploads/2022/05/55666a5fe8305533fcfc33af8bc6bfb1d9c056cc_original.jpeg'],,,[],,False
quran-box-with-tasbih-hanger-golden-color.html,Quran Box With Tasbih Hanger Golden Color,"['https://rabeyaenterprise.com/wp-content/uploads/2025/02/Quran-Box-With-Tasbih-Hanger-Golden-Color.jpg', 'https://rabeyaenterprise.com/wp-content/uploads/2025/02/Quran-Box-With-Tasbih-Hanger-Golden-Color2.jpg', 'https://rabeyaenterprise.com/wp-content/uploads/2025/02/Quran-Box-With-Tasbih-Hanger-Golden-Color-150x150.jpg', 'https://rabeyaenterprise.com/wp-content/uploads/2025/02/Quran-Box-With-Tasbih-Hanger-Golden-Color2-150x150.jpg']",,,[],,False
foldable-double-head-laptop-table.html,Foldable Double Head Laptop Table,"['https://rabeyaenterprise.com/wp-content/uploads/2024/03/Foldable-Double-Head-Laptop-Table-2.jpg', 'https://rabeyaenterprise.com/wp-content/uploads/2024/03/Foldable-Double-Head-Laptop-Table-5.jpg', 'https://rabeyaenterprise.com/wp-content/uploads/2024/03/Foldable-Double-Head-Laptop-Table-4.jpg', 'https://rabeyaenterprise.com/wp-content/uploads/2024/03/Foldable-Double-Head-Laptop-Table-3.jpg', 'https://rabeyaenterprise.com/wp-content/uploads/2024/03/Foldable-Double-Head-Laptop-Table-1.jpg', 'https://rabeyaenterprise.com/wp-content/uploads/2024/03/Foldable-Double-Head-Laptop-Table-2-150x153.jpg', 'https://rabeyaenterprise.com/wp-content/uploads/2024/03/Foldable-Double-Head-Laptop-Table-5-150x148.jpg', 'https://rabeyaenterprise.com/wp-content/uploads/2024/03/Foldable-Double-Head-Laptop-Table-4-150x150.jpg', 'https://rabeyaenterprise.com/wp-content/uploads/2024/03/Foldable-Double-Head-Laptop-Table-3-150x174.jpg', 'https://rabeyaenterprise.com/wp-content/uploads/2024/03/Foldable-Double-Head-Laptop-Table-1-150x139.jpg']","Black, Wood, Pink",,[],,False
air-conditioning-dustproof-1-5-ton.html,Air Conditioning Dustproof 1.5 ton,"['https://rabeyaenterprise.com/wp-content/uploads/2023/10/Air-Conditioning-Dustproof-1.5-ton.jpg', 'https://rabeyaenterprise.com/wp-content/uploads/2023/10/Air-Conditioning-Dustproof-1.5-ton-2.jpg', 'https://rabeyaenterprise.com/wp-content/uploads/2023/10/WhatsApp-Image-2023-10-03-at-3.03.27-PM.jpeg', 'https://rabeyaenterprise.com/wp-content/uploads/2023/10/Air-Conditioning-Dustproof-1.5-ton-150x150.jpg', 'https://rabeyaenterprise.com/wp-content/uploads/2023/10/Air-Conditioning-Dustproof-1.5-ton-2-150x150.jpg', 'https://rabeyaenterprise.com/wp-content/uploads/2023/10/WhatsApp-Image-2023-10-03-at-3.03.27-PM-150x60.jpeg']",,,[],,False
sewing-machine.html,Sewing Machine,['https://rabeyaenterprise.com/wp-content/uploads/2021/08/Sewing-Machine-F1.jpg'],সারাদেশব্যপী ডেলিভারি করে থাকি। সর্বনিম্ন অর্ডার ১ কার্টোন। পণ্যের মুল্যের সাথে ডেলিভারি চার্জ ও কুরিয়ার চার্জ যোগ হবে। 40% টাকা অগ্রিম দিতে হবে।,,[],,False
super-speaker-gags-toys-multi-voice-changer.html,Super Speaker Gags Toys Multi Voice Changer,"['https://rabeyaenterprise.com/wp-content/uploads/2022/07/Super-Speaker-Gags-Toys-Multi-Voice-Changer.jpg', 'https://rabeyaenterprise.com/wp-content/uploads/2022/07/Super-Speaker-Gags-Toys-Multi-Voice-Changer4.jpg', 'https://rabeyaenterprise.com/wp-content/uploads/2022/07/Super-Speaker-Gags-Toys-Multi-Voice-Changer3.jpg', 'https://rabeyaenterprise.com/wp-content/uploads/2022/07/Super-Speaker-Gags-Toys-Multi-Voice-Changer2.jpg', 'https://rabeyaenterprise.com/wp-content/uploads/2022/07/Super-Speaker-Gags-Toys-Multi-Voice-Changer-150x150.jpg', 'https://rabeyaenterprise.com/wp-content/uploads/2022/07/Super-Speaker-Gags-Toys-Multi-Voice-Changer4-150x150.jpg', 'https://rabeyaenterprise.com/wp-content/uploads/2022/07/Super-Speaker-Gags-Toys-Multi-Voice-Changer3-150x150.jpg', 'https://rabeyaenterprise.com/wp-content/uploads/2022/07/Super-Speaker-Gags-Toys-Multi-Voice-Changer2-150x150.jpg']",Multi Voice Changer Amplifier Fun Toy Speaker Kids Gift,,[],,False
led-flashlight-with-lighter.html,Led flashlight with lighter,"['https://rabeyaenterprise.com/wp-content/uploads/2023/10/Led-flashlight-with-lighter.jpg', 'https://rabeyaenterprise.com/wp-content/uploads/2023/10/Led-flashlight-with-lighter-150x150.jpg']",,,[],,False
6-layer-round-shape-kitchen-rack.html,6 Layer Round Shape Kitchen Rack,"['https://rabeyaenterprise.com/wp-content/uploads/2025/11/6-layer-round-shape-kitchen-Rack-6.jpg', 'https://rabeyaenterprise.com/wp-content/uploads/2025/11/6-layer-round-shape-kitchen-Rack-5.jpg', 'https://rabeyaenterprise.com/wp-content/uploads/2025/11/6-layer-round-shape-kitchen-Rack-3.jpg', 'https://rabeyaenterprise.com/wp-content/uploads/2025/11/6-layer-round-shape-kitchen-Rack-2.jpg', 'https://rabeyaenterprise.com/wp-content/uploads/2025/11/6-layer-round-shape-kitchen-Rack-4.jpg', 'https://rabeyaenterprise.com/wp-content/uploads/2025/11/6-layer-round-shape-kitchen-Rack-6-150x150.jpg', 'https://rabeyaenterprise.com/wp-content/uploads/2025/11/6-layer-round-shape-kitchen-Rack-5-150x150.jpg', 'https://rabeyaenterprise.com/wp-content/uploads/2025/11/6-layer-round-shape-kitchen-Rack-3-150x150.jpg', 'https://rabeyaenterprise.com/wp-content/uploads/2025/11/6-layer-round-shape-kitchen-Rack-2-150x150.jpg', 'https://rabeyaenterprise.com/wp-content/uploads/2025/11/6-layer-round-shape-kitchen-Rack-4-150x150.jpg']","আপনার রান্নাঘরকে রাখুন আরও গোছানো ও স্টাইলিশ! এই 6 লেয়ার রাউন্ড মেটাল র‍্যাকটি ঘূর্ণনযোগ্য ডিজাইনের হওয়ায় সহজেই সবজী, ফল বা রান্নাঘরের জিনিসপত্র রাখতে পারবেন। টেকসই, স্পেস সেভিং ও আধুনিক লুকের পারফেক্ট সমন্বয়।",,[],,False
storage-bag-clean-room-selection.html,Storage Bag Clean Room Selection,"['https://rabeyaenterprise.com/wp-content/uploads/2024/01/Storage-Bag-Clean-Room-Selection2.jpg', 'https://rabeyaenterprise.com/wp-content/uploads/2024/01/Storage-Bag-Clean-Room-Selection.webp', 'https://rabeyaenterprise.com/wp-content/uploads/2024/01/Storage-Bag-Clean-Room-Selection2-150x150.jpg', 'https://rabeyaenterprise.com/wp-content/uploads/2024/01/Storage-Bag-Clean-Room-Selection-150x150.webp']",,,[],,False
eye-borrow-cotouring.html,EYE BORROW COTOURING,"['https://rabeyaenterprise.com/wp-content/uploads/2023/08/EYE-BORROW-COTOURING.jpg', 'https://rabeyaenterprise.com/wp-content/uploads/2023/08/EYE-BORROW-COTOURING5.jpg', 'https://rabeyaenterprise.com/wp-content/uploads/2023/08/EYE-BORROW-COTOURING4.jpg', 'https://rabeyaenterprise.com/wp-content/uploads/2023/08/EYE-BORROW-COTOURING3.jpg', 'https://rabeyaenterprise.com/wp-content/uploads/2023/08/EYE-BORROW-COTOURING2.jpg', 'https://rabeyaenterprise.com/wp-content/uploads/2023/08/EYE-BORROW-COTOURING-150x150.jpg', 'https://rabeyaenterprise.com/wp-content/uploads/2023/08/EYE-BORROW-COTOURING5-150x150.jpg', 'https://rabeyaenterprise.com/wp-content/uploads/2023/08/EYE-BORROW-COTOURING4-150x150.jpg', 'https://rabeyaenterprise.com/wp-content/uploads/2023/08/EYE-BORROW-COTOURING3-150x150.jpg', 'https://rabeyaenterprise.com/wp-content/uploads/2023/08/EYE-BORROW-COTOURING2-150x150.jpg']","Create Natural and Perfect Eyebrows: The eyebrow pen creates a natural and long-lasting appearance and shaped eyebrows, depicting perfect facial contours are not easy to fall off, dry against the color reflects your beauty.",,[],,False
race-digital-wall-tap-without-hand-shower.html,Race Digital Wall Tap,['https://rabeyaenterprise.com/wp-content/uploads/woocommerce-placeholder.webp'],,,[],,False
cup-washer.html,Cup Washer,"['https://rabeyaenterprise.com/wp-content/uploads/2022/06/Cum-Washer-F3.jpg', 'https://rabeyaenterprise.com/wp-content/uploads/2022/06/Cum-Washer-F2.jpg', 'https://rabeyaenterprise.com/wp-content/uploads/2022/06/Cum-Washer-F1.jpg', 'https://rabeyaenterprise.com/wp-content/uploads/2022/06/Cum-Washer-F3-150x150.jpg', 'https://rabeyaenterprise.com/wp-content/uploads/2022/06/Cum-Washer-F2-150x150.jpg', 'https://rabeyaenterprise.com/wp-content/uploads/2022/06/Cum-Washer-F1-150x150.jpg']",High Quality Rinser Automatic Glass Cup Washer High Pressure Bar Kitchen Beer Milk Tea Cup Cleaner Sink Accessories,,[],,False
notebook-creative-stand.html,Notebook Creative Stand,"['https://rabeyaenterprise.com/wp-content/uploads/2025/07/Notebook-Creative-Stand5.jpg', 'https://rabeyaenterprise.com/wp-content/uploads/2025/07/Notebook-Creative-Stand.jpg', 'https://rabeyaenterprise.com/wp-content/uploads/2025/07/Notebook-Creative-Stand2.jpg', 'https://rabeyaenterprise.com/wp-content/uploads/2025/07/Notebook-Creative-Stand3.jpg', 'https://rabeyaenterprise.com/wp-content/uploads/2025/07/Notebook-Creative-Stand4.jpg', 'https://rabeyaenterprise.com/wp-content/uploads/2025/07/Notebook-Creative-Stand5-150x150.jpg', 'https://rabeyaenterprise.com/wp-content/uploads/2025/07/Notebook-Creative-Stand-150x150.jpg', 'https://rabeyaenterprise.com/wp-content/uploads/2025/07/Notebook-Creative-Stand2-150x150.jpg', 'https://rabeyaenterprise.com/wp-content/uploads/2025/07/Notebook-Creative-Stand3-150x150.jpg', 'https://rabeyaenterprise.com/wp-content/uploads/2025/07/Notebook-Creative-Stand4-150x150.jpg']",,,[],,False
multifunction-electric-hot-pot.html,Multifunction Electric Cooking Pan,"['https://rabeyaenterprise.com/wp-content/uploads/2021/10/Multifunction-Electric-Cooking-Pan.jpg', 'https://rabeyaenterprise.com/wp-content/uploads/2021/10/Multifunction-Electric-Cooking-Pan3.jpg', 'https://rabeyaenterprise.com/wp-content/uploads/2021/10/Multifunction-Electric-Cooking-Pan2.jpg', 'https://rabeyaenterprise.com/wp-content/uploads/2021/10/Multifunction-Electric-Cooking-Pan-150x150.jpg', 'https://rabeyaenterprise.com/wp-content/uploads/2021/10/Multifunction-Electric-Cooking-Pan3-150x150.jpg', 'https://rabeyaenterprise.com/wp-content/uploads/2021/10/Multifunction-Electric-Cooking-Pan2-150x150.jpg']",Multifunction Electric Cooking Pot Mini Cooker Baking Frying Hot Pot,,[],,False
wifi-panorama-camera-ptz-bulb.html,WiFi Panorama Camera PTZ Bulb,['https://rabeyaenterprise.com/wp-content/uploads/2022/10/WiFi-Panorama-Camera-PTZ-Bulb-F5.jpg'],Wifi Panorama Camera Bulb 720 Panoramic Night Vision Two Way Audio Home Security Video Surveillance Fisheye Lamp Wifi Camera,,[],,False
eye-brow-shaper.html,EYE BROW TRIMMER HX-203B,"['https://rabeyaenterprise.com/wp-content/uploads/2023/09/EYE-BROW-TRIMMER-HX-203B2.jpg', 'https://rabeyaenterprise.com/wp-content/uploads/2023/09/EYE-BROW-TRIMMER-HX-203B-10.jpg', 'https://rabeyaenterprise.com/wp-content/uploads/2023/09/EYE-BROW-TRIMMER-HX-203B-9.jpg', 'https://rabeyaenterprise.com/wp-content/uploads/2023/09/EYE-BROW-TRIMMER-HX-203B-8.jpg', 'https://rabeyaenterprise.com/wp-content/uploads/2023/09/EYE-BROW-TRIMMER-HX-203B-6.jpg', 'https://rabeyaenterprise.com/wp-content/uploads/2023/09/EYE-BROW-TRIMMER-HX-203B.jpg', 'https://rabeyaenterprise.com/wp-content/uploads/2023/09/EYE-BROW-TRIMMER-HX-203B2-150x150.jpg', 'https://rabeyaenterprise.com/wp-content/uploads/2023/09/EYE-BROW-TRIMMER-HX-203B-10-150x150.jpg', 'https://rabeyaenterprise.com/wp-content/uploads/2023/09/EYE-BROW-TRIMMER-HX-203B-9-150x150.jpg', 'https://rabeyaenterprise.com/wp-content/uploads/2023/09/EYE-BROW-TRIMMER-HX-203B-8-150x150.jpg', 'https://rabeyaenterprise.com/wp-content/uploads/2023/09/EYE-BROW-TRIMMER-HX-203B-6-150x150.jpg', 'https://rabeyaenterprise.com/wp-content/uploads/2023/09/EYE-BROW-TRIMMER-HX-203B-150x150.jpg']",,,[],,False
instant-pain-relief-herbal-spray.html,Instant Pain Relief Herbal Spray,"['https://rabeyaenterprise.com/wp-content/uploads/2023/09/Instant-Pain-Relief-Herbal-Spray.jpg', 'https://rabeyaenterprise.com/wp-content/uploads/2023/09/Instant-Pain-Relief-Herbal-Spray6.jpg', 'https://rabeyaenterprise.com/wp-content/uploads/2023/09/Instant-Pain-Relief-Herbal-Spray5.jpg', 'https://rabeyaenterprise.com/wp-content/uploads/2023/09/Instant-Pain-Relief-Herbal-Spray4.jpg', 'https://rabeyaenterprise.com/wp-content/uploads/2023/09/Instant-Pain-Relief-Herbal-Spray3.jpg', 'https://rabeyaenterprise.com/wp-content/uploads/2023/09/Instant-Pain-Relief-Herbal-Spray2.jpg', 'https://rabeyaenterprise.com/wp-content/uploads/2023/09/Instant-Pain-Relief-Herbal-Spray-150x150.jpg', 'https://rabeyaenterprise.com/wp-content/uploads/2023/09/Instant-Pain-Relief-Herbal-Spray6-150x150.jpg', 'https://rabeyaenterprise.com/wp-content/uploads/2023/09/Instant-Pain-Relief-Herbal-Spray5-150x150.jpg', 'https://rabeyaenterprise.com/wp-content/uploads/2023/09/Instant-Pain-Relief-Herbal-Spray4-150x150.jpg', 'https://rabeyaenterprise.com/wp-content/uploads/2023/09/Instant-Pain-Relief-Herbal-Spray3-150x150.jpg', 'https://rabeyaenterprise.com/wp-content/uploads/2023/09/Instant-Pain-Relief-Herbal-Spray2-150x150.jpg']",,,[],,False
bathroom-shelves.html,Bathroom Shelves,"['https://rabeyaenterprise.com/wp-content/uploads/2021/08/Bathroom-Shelves3.jpg', 'https://rabeyaenterprise.com/wp-content/uploads/2021/08/Bathroom-Shelves2.jpg', 'https://rabeyaenterprise.com/wp-content/uploads/2021/08/Bathroom-Shelves.jpg', 'https://rabeyaenterprise.com/wp-content/uploads/2021/08/Bathroom-Shelves3-150x150.jpg', 'https://rabeyaenterprise.com/wp-content/uploads/2021/08/Bathroom-Shelves2-150x150.jpg', 'https://rabeyaenterprise.com/wp-content/uploads/2021/08/Bathroom-Shelves-150x150.jpg']",সারাদেশব্যপী হোলসেল প্রাইজ এ ডেলিভারি করে থাকি। সর্বনিম্ন অর্ডার ১ কার্টোন। পণ্যের মুল্যের সাথে ডেলিভারি চার্জ ও কুরিয়ার চার্জ যোগ হবে। 40% টাকা অগ্রিম দিতে হবে।,,[],,False
sim-device.html,Sim Device,"['https://rabeyaenterprise.com/wp-content/uploads/2021/08/Sim-Device.jpg', 'https://rabeyaenterprise.com/wp-content/uploads/2021/08/Sim-Device3.jpg', 'https://rabeyaenterprise.com/wp-content/uploads/2021/08/Sim-Device2.jpg', 'https://rabeyaenterprise.com/wp-content/uploads/2021/08/Sim-Device-150x150.jpg', 'https://rabeyaenterprise.com/wp-content/uploads/2021/08/Sim-Device3-150x150.jpg', 'https://rabeyaenterprise.com/wp-content/uploads/2021/08/Sim-Device2-150x150.jpg']",সারাদেশব্যপী হোলসেল প্রাইজ এ ডেলিভারি করে থাকি। সর্বনিম্ন অর্ডার ১ কার্টোন। পণ্যের মুল্যের সাথে ডেলিভারি চার্জ ও কুরিয়ার চার্জ যোগ হবে। 40% টাকা অগ্রিম দিতে হবে।,,[],,False
carpet-set-kitchen-rugs-decoration-1-pcs-set-new-code-1522.html,Carpet Set Kitchen Rugs Decoration (1 pcs Set new) Code: 1522,"['https://rabeyaenterprise.com/wp-content/uploads/2023/09/Carpet-Set-Kitchen-Rugs-Decoration-1-pcs-Set-new.jpg', 'https://rabeyaenterprise.com/wp-content/uploads/2023/09/Carpet-Set-Kitchen-Rugs-Decoration-1-pcs-Set-new5.jpg', 'https://rabeyaenterprise.com/wp-content/uploads/2023/09/Carpet-Set-Kitchen-Rugs-Decoration-1-pcs-Set-new4.jpg', 'https://rabeyaenterprise.com/wp-content/uploads/2023/09/Carpet-Set-Kitchen-Rugs-Decoration-1-pcs-Set-new3.jpg', 'https://rabeyaenterprise.com/wp-content/uploads/2023/09/Carpet-Set-Kitchen-Rugs-Decoration-1-pcs-Set-new2.jpg', 'https://rabeyaenterprise.com/wp-content/uploads/2023/09/Carpet-Set-Kitchen-Rugs-Decoration-1-pcs-Set-new-150x150.jpg', 'https://rabeyaenterprise.com/wp-content/uploads/2023/09/Carpet-Set-Kitchen-Rugs-Decoration-1-pcs-Set-new5-150x150.jpg', 'https://rabeyaenterprise.com/wp-content/uploads/2023/09/Carpet-Set-Kitchen-Rugs-Decoration-1-pcs-Set-new4-150x150.jpg', 'https://rabeyaenterprise.com/wp-content/uploads/2023/09/Carpet-Set-Kitchen-Rugs-Decoration-1-pcs-Set-new3-150x150.jpg', 'https://rabeyaenterprise.com/wp-content/uploads/2023/09/Carpet-Set-Kitchen-Rugs-Decoration-1-pcs-Set-new2-150x150.jpg']",,,[],,False
detox-foot-patch-gold.html,Detox Foot Patch Golden,['https://rabeyaenterprise.com/wp-content/uploads/2021/08/Detox-Foot-Patch-Gold-F1.jpg'],সারাদেশব্যপী  ডেলিভারি করে থাকি। সর্বনিম্ন অর্ডার ১ কার্টোন। পণ্যের মুল্যের সাথে ডেলিভারি চার্জ ও কুরিয়ার চার্জ যোগ হবে। 40% টাকা অগ্রিম দিতে হবে।,,[],,False
solar-emergency-charging-lamp.html,Solar Emergency Charging Lamp,"['https://rabeyaenterprise.com/wp-content/uploads/2022/12/Solar-Emergency-Charging-Lamp-F1-1.jpg', 'https://rabeyaenterprise.com/wp-content/uploads/2022/12/Solar-Emergency-Charging-Lamp-F2.jpg', 'https://rabeyaenterprise.com/wp-content/uploads/2022/12/Solar-Emergency-Charging-Lamp-F1-1-150x150.jpg', 'https://rabeyaenterprise.com/wp-content/uploads/2022/12/Solar-Emergency-Charging-Lamp-F2-150x150.jpg']",Outdoor Solar Emergency Charging Light,,[],,False
eelhoe-butt-enlargement-ginger-soap.html,EELHOE BUTT ENLARGEMENT GINGER SOAP,"['https://rabeyaenterprise.com/wp-content/uploads/2023/10/EELHOE-BUTT-ENLARGEMENT-GINGER-SOAP.jpg', 'https://rabeyaenterprise.com/wp-content/uploads/2023/10/EELHOE-BUTT-ENLARGEMENT-GINGER-SOAP6.jpg', 'https://rabeyaenterprise.com/wp-content/uploads/2023/10/EELHOE-BUTT-ENLARGEMENT-GINGER-SOAP5.jpg', 'https://rabeyaenterprise.com/wp-content/uploads/2023/10/EELHOE-BUTT-ENLARGEMENT-GINGER-SOAP4.jpg', 'https://rabeyaenterprise.com/wp-content/uploads/2023/10/EELHOE-BUTT-ENLARGEMENT-GINGER-SOAP3.jpg', 'https://rabeyaenterprise.com/wp-content/uploads/2023/10/EELHOE-BUTT-ENLARGEMENT-GINGER-SOAP2.jpg', 'https://rabeyaenterprise.com/wp-content/uploads/2023/10/EELHOE-BUTT-ENLARGEMENT-GINGER-SOAP-150x150.jpg', 'https://rabeyaenterprise.com/wp-content/uploads/2023/10/EELHOE-BUTT-ENLARGEMENT-GINGER-SOAP6-150x150.jpg', 'https://rabeyaenterprise.com/wp-content/uploads/2023/10/EELHOE-BUTT-ENLARGEMENT-GINGER-SOAP5-150x150.jpg', 'https://rabeyaenterprise.com/wp-content/uploads/2023/10/EELHOE-BUTT-ENLARGEMENT-GINGER-SOAP4-150x150.jpg', 'https://rabeyaenterprise.com/wp-content/uploads/2023/10/EELHOE-BUTT-ENLARGEMENT-GINGER-SOAP3-150x150.jpg', 'https://rabeyaenterprise.com/wp-content/uploads/2023/10/EELHOE-BUTT-ENLARGEMENT-GINGER-SOAP2-150x150.jpg']",,,[],,False
all-in-one-mobile-holder.html,All in One Mobile Holder,['https://rabeyaenterprise.com/wp-content/uploads/2023/10/All-in-One-Mobile-Holder.jpg'],,,[],,False
high-pressure-cleaning-spray.html,High Pressure  Spray Gun,"['https://rabeyaenterprise.com/wp-content/uploads/2025/03/High-Pressure-Spray-Gun2.jpg', 'https://rabeyaenterprise.com/wp-content/uploads/2025/03/High-Pressure-Spray-Gun5.jpg', 'https://rabeyaenterprise.com/wp-content/uploads/2025/03/High-Pressure-Spray-Gun4.jpg', 'https://rabeyaenterprise.com/wp-content/uploads/2025/03/High-Pressure-Spray-Gun3.jpg', 'https://rabeyaenterprise.com/wp-content/uploads/2025/03/High-Pressure-Spray-Gun.jpg', 'https://rabeyaenterprise.com/wp-content/uploads/2025/03/High-Pressure-Spray-Gun2-150x150.jpg', 'https://rabeyaenterprise.com/wp-content/uploads/2025/03/High-Pressure-Spray-Gun5-150x150.jpg', 'https://rabeyaenterprise.com/wp-content/uploads/2025/03/High-Pressure-Spray-Gun4-150x150.jpg', 'https://rabeyaenterprise.com/wp-content/uploads/2025/03/High-Pressure-Spray-Gun3-150x150.jpg', 'https://rabeyaenterprise.com/wp-content/uploads/2025/03/High-Pressure-Spray-Gun-150x150.jpg']",,,[],,False
5-layer-square-shape-kitchen-rack.html,5 Layer Square Shape Kitchen Rack,"['https://rabeyaenterprise.com/wp-content/uploads/2024/01/5-layer-squre-kitchen-rack-3.jpg', 'https://rabeyaenterprise.com/wp-content/uploads/2024/01/5-layer-squre-kitchen-rack-2.jpg', 'https://rabeyaenterprise.com/wp-content/uploads/2024/01/5-layer-squre-kitchen-rack.jpg', 'https://rabeyaenterprise.com/wp-content/uploads/2024/01/5-Layer-Square-Shape-Kitchen-Rack-4.jpg', 'https://rabeyaenterprise.com/wp-content/uploads/2024/01/5-Layer-Square-Shape-Kitchen-Rack.jpg', 'https://rabeyaenterprise.com/wp-content/uploads/2024/01/5-Layer-Square-Shape-Kitchen-Rack2.jpg', 'https://rabeyaenterprise.com/wp-content/uploads/2024/01/5-Layer-Square-Shape-Kitchen-Rack-6.jpg', 'https://rabeyaenterprise.com/wp-content/uploads/2024/01/5-layer-squre-kitchen-rack-3-150x150.jpg', 'https://rabeyaenterprise.com/wp-content/uploads/2024/01/5-layer-squre-kitchen-rack-2-150x150.jpg', 'https://rabeyaenterprise.com/wp-content/uploads/2024/01/5-layer-squre-kitchen-rack-150x150.jpg', 'https://rabeyaenterprise.com/wp-content/uploads/2024/01/5-Layer-Square-Shape-Kitchen-Rack-4-150x150.jpg', 'https://rabeyaenterprise.com/wp-content/uploads/2024/01/5-Layer-Square-Shape-Kitchen-Rack-150x150.jpg', 'https://rabeyaenterprise.com/wp-content/uploads/2024/01/5-Layer-Square-Shape-Kitchen-Rack2-150x150.jpg', 'https://rabeyaenterprise.com/wp-content/uploads/2024/01/5-Layer-Square-Shape-Kitchen-Rack-6-150x179.jpg']",COLOUR AVAILABLE : BLACK,,[],,False
lcd-writing-tablet-10.html,LCD Writing Tablet 10”,"['https://rabeyaenterprise.com/wp-content/uploads/2024/09/LCD-Writing-Tablet-10.jpg', 'https://rabeyaenterprise.com/wp-content/uploads/2024/09/LCD-Writing-Tablet.jpg', 'https://rabeyaenterprise.com/wp-content/uploads/2024/09/LCD-Writing-Tablet-10-150x150.jpg', 'https://rabeyaenterprise.com/wp-content/uploads/2024/09/LCD-Writing-Tablet-150x150.jpg']",,,[],,False
china-3d-soft-floor-mats.html,China 3D Soft Floor Mats,"['https://rabeyaenterprise.com/wp-content/uploads/2023/09/China-3D-Soft-Floor-Mats.jpg', 'https://rabeyaenterprise.com/wp-content/uploads/2023/09/China-3D-Soft-Floor-Mats5.jpg', 'https://rabeyaenterprise.com/wp-content/uploads/2023/09/China-3D-Soft-Floor-Mats4.jpg', 'https://rabeyaenterprise.com/wp-content/uploads/2023/09/China-3D-Soft-Floor-Mats3.jpg', 'https://rabeyaenterprise.com/wp-content/uploads/2023/09/China-3D-Soft-Floor-Mats2.jpg', 'https://rabeyaenterprise.com/wp-content/uploads/2023/09/China-3D-Soft-Floor-Mats-150x150.jpg', 'https://rabeyaenterprise.com/wp-content/uploads/2023/09/China-3D-Soft-Floor-Mats5-150x150.jpg', 'https://rabeyaenterprise.com/wp-content/uploads/2023/09/China-3D-Soft-Floor-Mats4-150x150.jpg', 'https://rabeyaenterprise.com/wp-content/uploads/2023/09/China-3D-Soft-Floor-Mats3-150x150.jpg', 'https://rabeyaenterprise.com/wp-content/uploads/2023/09/China-3D-Soft-Floor-Mats2-150x150.jpg']",,,[],,False
hanging-rack-bathroom-shower-caddy-chrome.html,"Hanging Rack Bathroom Shower Caddy, Chrome","['https://rabeyaenterprise.com/wp-content/uploads/2021/12/Hanging-Rack-Bathroom-Shower.jpg', 'https://rabeyaenterprise.com/wp-content/uploads/2021/12/Hanging-Rack-Bathroom-Shower-150x150.jpg']",Bathroom Storage Organizers aluminum bathroom hanging shower caddy shower rack,,[],,False
aeroterma-ventilator.html,Aeroterma Ventilator Car Heater,"['https://rabeyaenterprise.com/wp-content/uploads/2021/11/Aeroterma-Ventilator-Car-Heater.jpg', 'https://rabeyaenterprise.com/wp-content/uploads/2021/11/Aeroterma-Ventilator-Car-Heater-150x150.jpg']",Aeroterma Ventilator Car Heater and Window Defroster,,[],,False
zqs1201-wireless-bluetooth-speaker-with-led-light.html,WIRELESS SPEAKER LED,"['https://rabeyaenterprise.com/wp-content/uploads/2023/11/WIRELESS-SPEAKER-LED.jpg', 'https://rabeyaenterprise.com/wp-content/uploads/2023/11/WIRELESS-SPEAKER-LED6.jpg', 'https://rabeyaenterprise.com/wp-content/uploads/2023/11/WIRELESS-SPEAKER-LED5.jpg', 'https://rabeyaenterprise.com/wp-content/uploads/2023/11/WIRELESS-SPEAKER-LED4.jpg', 'https://rabeyaenterprise.com/wp-content/uploads/2023/11/WIRELESS-SPEAKER-LED3.jpg', 'https://rabeyaenterprise.com/wp-content/uploads/2023/11/WIRELESS-SPEAKER-LED2.jpg', 'https://rabeyaenterprise.com/wp-content/uploads/2023/11/WIRELESS-SPEAKER-LED-150x150.jpg', 'https://rabeyaenterprise.com/wp-content/uploads/2023/11/WIRELESS-SPEAKER-LED6-150x150.jpg', 'https://rabeyaenterprise.com/wp-content/uploads/2023/11/WIRELESS-SPEAKER-LED5-150x150.jpg', 'https://rabeyaenterprise.com/wp-content/uploads/2023/11/WIRELESS-SPEAKER-LED4-150x150.jpg', 'https://rabeyaenterprise.com/wp-content/uploads/2023/11/WIRELESS-SPEAKER-LED3-150x150.jpg', 'https://rabeyaenterprise.com/wp-content/uploads/2023/11/WIRELESS-SPEAKER-LED2-150x150.jpg']",,,[],,False
heating-2-layer-multiplan-non-stick-electric-frying-pan.html,HEATING 2 LAYER MULTIPAN COOKWARE,"['https://rabeyaenterprise.com/wp-content/uploads/2021/12/HEATING-2-LAYER-MULTIPAN-COOKWARE.jpg', 'https://rabeyaenterprise.com/wp-content/uploads/2021/12/HEATING-2-LAYER-MULTIPAN-COOKWARE2.jpg', 'https://rabeyaenterprise.com/wp-content/uploads/2021/12/HEATING-2-LAYER-MULTIPAN-COOKWARE3.jpg', 'https://rabeyaenterprise.com/wp-content/uploads/2021/12/HEATING-2-LAYER-MULTIPAN-COOKWARE4.jpg', 'https://rabeyaenterprise.com/wp-content/uploads/2021/12/HEATING-2-LAYER-MULTIPAN-COOKWARE-150x150.jpg', 'https://rabeyaenterprise.com/wp-content/uploads/2021/12/HEATING-2-LAYER-MULTIPAN-COOKWARE2-150x150.jpg', 'https://rabeyaenterprise.com/wp-content/uploads/2021/12/HEATING-2-LAYER-MULTIPAN-COOKWARE3-150x150.jpg', 'https://rabeyaenterprise.com/wp-content/uploads/2021/12/HEATING-2-LAYER-MULTIPAN-COOKWARE4-150x150.jpg']",Mini Household Egg Omelette Pancakes Electric Fried Steak Non-Stick Frying Pan Boiled Eggs Boiler Steamer Breakfast Maker,,[],,False
watch-binbond-wrist-4010.html,Watch Binbond Wrist 4010,"['https://rabeyaenterprise.com/wp-content/uploads/2023/08/Watch-Binbond-Wrist-4010.jpg', 'https://rabeyaenterprise.com/wp-content/uploads/2023/08/Men-s-Watch-Waterproof-Glow-at-Night-New-Calendar-Fashion-Hollow-Out-Flywheel-Water-Diamond-Sun.jpg_Q90.jpg_-2.webp', 'https://rabeyaenterprise.com/wp-content/uploads/2023/08/Men-s-Watch-Waterproof-Glow-at-Night-New-Calendar-Fashion-Hollow-Out-Flywheel-Water-Diamond-Sun.jpg_Q90.jpg_-1.webp', 'https://rabeyaenterprise.com/wp-content/uploads/2023/08/Men-s-Watch-Waterproof-Glow-at-Night-New-Calendar-Fashion-Hollow-Out-Flywheel-Water-Diamond-Sun.jpg_Q90.jpg_.webp', 'https://rabeyaenterprise.com/wp-content/uploads/2023/08/Watch-Binbond-Wrist-4010-150x150.jpg', 'https://rabeyaenterprise.com/wp-content/uploads/2023/08/Men-s-Watch-Waterproof-Glow-at-Night-New-Calendar-Fashion-Hollow-Out-Flywheel-Water-Diamond-Sun.jpg_Q90.jpg_-2-150x150.webp', 'https://rabeyaenterprise.com/wp-content/uploads/2023/08/Men-s-Watch-Waterproof-Glow-at-Night-New-Calendar-Fashion-Hollow-Out-Flywheel-Water-Diamond-Sun.jpg_Q90.jpg_-1-150x150.webp', 'https://rabeyaenterprise.com/wp-content/uploads/2023/08/Men-s-Watch-Waterproof-Glow-at-Night-New-Calendar-Fashion-Hollow-Out-Flywheel-Water-Diamond-Sun.jpg_Q90.jpg_-150x150.webp']",,,[],,False
faucet-extender-pipe-360-degree-rotating.html,Faucet Extender Pipe 360 Degree Rotating,"['https://rabeyaenterprise.com/wp-content/uploads/2022/07/Faucet-Extender-Pipe-360-Degree-Rotating.jpg', 'https://rabeyaenterprise.com/wp-content/uploads/2022/07/Faucet-Extender-Pipe-360-Degree-Rotating3.jpg', 'https://rabeyaenterprise.com/wp-content/uploads/2022/07/Faucet-Extender-Pipe-360-Degree-Rotating2.jpg', 'https://rabeyaenterprise.com/wp-content/uploads/2022/07/Faucet-Extender-Pipe-360-Degree-Rotating-150x150.jpg', 'https://rabeyaenterprise.com/wp-content/uploads/2022/07/Faucet-Extender-Pipe-360-Degree-Rotating3-150x150.jpg', 'https://rabeyaenterprise.com/wp-content/uploads/2022/07/Faucet-Extender-Pipe-360-Degree-Rotating2-150x150.jpg']",360 Degree Rotation Adjustable Faucet Extender Bathroom Kitchen Water Tap Gadget Extension Tube Filter For Wash Basin 20/30/50cm,,[],,False
waist-back-support-chair.html,Waist Back Support Chair,"['https://rabeyaenterprise.com/wp-content/uploads/2025/08/Waist-Back-Support-Chair-1.jpg', 'https://rabeyaenterprise.com/wp-content/uploads/2025/10/Waist-Back-Support-Chair.jpg', 'https://rabeyaenterprise.com/wp-content/uploads/2025/08/Waist-Back-Support-Chair12.jpg', 'https://rabeyaenterprise.com/wp-content/uploads/2025/08/Waist-Back-Support-Chair25.jpg', 'https://rabeyaenterprise.com/wp-content/uploads/2025/08/Waist-Back-Support-Chair5.jpg', 'https://rabeyaenterprise.com/wp-content/uploads/2025/08/Waist-Back-Support-Chair4.jpg', 'https://rabeyaenterprise.com/wp-content/uploads/2025/08/Waist-Back-Support-Chair3.jpg', 'https://rabeyaenterprise.com/wp-content/uploads/2025/08/Waist-Back-Support-Chair2.jpg', 'https://rabeyaenterprise.com/wp-content/uploads/2025/08/Waist-Back-Support-Chair.jpg', 'https://rabeyaenterprise.com/wp-content/uploads/2025/08/Waist-Back-Support-Chair-1-150x150.jpg', 'https://rabeyaenterprise.com/wp-content/uploads/2025/10/Waist-Back-Support-Chair-150x150.jpg', 'https://rabeyaenterprise.com/wp-content/uploads/2025/08/Waist-Back-Support-Chair12-150x150.jpg', 'https://rabeyaenterprise.com/wp-content/uploads/2025/08/Waist-Back-Support-Chair25-150x150.jpg', 'https://rabeyaenterprise.com/wp-content/uploads/2025/08/Waist-Back-Support-Chair5-150x150.jpg', 'https://rabeyaenterprise.com/wp-content/uploads/2025/08/Waist-Back-Support-Chair4-150x150.jpg', 'https://rabeyaenterprise.com/wp-content/uploads/2025/08/Waist-Back-Support-Chair3-150x150.jpg', 'https://rabeyaenterprise.com/wp-content/uploads/2025/08/Waist-Back-Support-Chair2-150x150.jpg', 'https://rabeyaenterprise.com/wp-content/uploads/2025/08/Waist-Back-Support-Chair-150x150.jpg']",✅ Comfortable ergonomic design✅ Proper support for the waist and back✅ Suitable for office and home✅ Lightweight and easy to carry✅ Easy to clean,,[],,False
wall-mounted-clothes-drying-hanger.html,Wall Mounted Clothes Drying Hanger,"['https://rabeyaenterprise.com/wp-content/uploads/2025/06/edited-photo.jpg', 'https://rabeyaenterprise.com/wp-content/uploads/2025/11/Wall-Mounted-Clothes-Drying-Hanger5-05-1.jpg', 'https://rabeyaenterprise.com/wp-content/uploads/2025/06/Wall-Mounted-Clothes-Drying-Hanger-1.jpg', 'https://rabeyaenterprise.com/wp-content/uploads/2025/06/Wall-Mounted-Clothes-Drying-Hanger3-1.jpg', 'https://rabeyaenterprise.com/wp-content/uploads/2025/06/Wall-Mounted-Clothes-Drying-Hanger2.jpg', 'https://rabeyaenterprise.com/wp-content/uploads/2025/06/edited-photo-150x150.jpg', 'https://rabeyaenterprise.com/wp-content/uploads/2025/11/Wall-Mounted-Clothes-Drying-Hanger5-05-1-150x150.jpg', 'https://rabeyaenterprise.com/wp-content/uploads/2025/06/Wall-Mounted-Clothes-Drying-Hanger-1-150x150.jpg', 'https://rabeyaenterprise.com/wp-content/uploads/2025/06/Wall-Mounted-Clothes-Drying-Hanger3-1-150x150.jpg', 'https://rabeyaenterprise.com/wp-content/uploads/2025/06/Wall-Mounted-Clothes-Drying-Hanger2-150x150.jpg']",,,[],,False
100w-fast-charging-usb-3-0-cable.html,3-IN-1 SUPER FAST CHARGING CABLE,"['https://rabeyaenterprise.com/wp-content/uploads/2024/09/3-IN-1-SUPER-FAST-CHARGING-CABLE.jpg', 'https://rabeyaenterprise.com/wp-content/uploads/2024/09/3-IN-1-SUPER-FAST-CHARGING-CABLE2.jpg', 'https://rabeyaenterprise.com/wp-content/uploads/2024/09/3-IN-1-SUPER-FAST-CHARGING-CABLE4.jpg', 'https://rabeyaenterprise.com/wp-content/uploads/2024/09/3-IN-1-SUPER-FAST-CHARGING-CABLE3.jpg', 'https://rabeyaenterprise.com/wp-content/uploads/2024/09/3-IN-1-SUPER-FAST-CHARGING-CABLE-150x150.jpg', 'https://rabeyaenterprise.com/wp-content/uploads/2024/09/3-IN-1-SUPER-FAST-CHARGING-CABLE2-150x150.jpg', 'https://rabeyaenterprise.com/wp-content/uploads/2024/09/3-IN-1-SUPER-FAST-CHARGING-CABLE4-150x150.jpg', 'https://rabeyaenterprise.com/wp-content/uploads/2024/09/3-IN-1-SUPER-FAST-CHARGING-CABLE3-150x150.jpg']",,,[],,False
lower-body-treatment-patch.html,Lower Body Treatment Patch,"['https://rabeyaenterprise.com/wp-content/uploads/2023/12/Lower-Body-Treatment-Patch.jpg', 'https://rabeyaenterprise.com/wp-content/uploads/2023/12/Lower-Body-Treatment-Patch6.jpg', 'https://rabeyaenterprise.com/wp-content/uploads/2023/12/Lower-Body-Treatment-Patch5.jpg', 'https://rabeyaenterprise.com/wp-content/uploads/2023/12/Lower-Body-Treatment-Patch4.jpg', 'https://rabeyaenterprise.com/wp-content/uploads/2023/12/Lower-Body-Treatment-Patch3.jpg', 'https://rabeyaenterprise.com/wp-content/uploads/2023/12/Lower-Body-Treatment-Patch2.jpg', 'https://rabeyaenterprise.com/wp-content/uploads/2023/12/Lower-Body-Treatment-Patch-150x150.jpg', 'https://rabeyaenterprise.com/wp-content/uploads/2023/12/Lower-Body-Treatment-Patch6-150x150.jpg', 'https://rabeyaenterprise.com/wp-content/uploads/2023/12/Lower-Body-Treatment-Patch5-150x150.jpg', 'https://rabeyaenterprise.com/wp-content/uploads/2023/12/Lower-Body-Treatment-Patch4-150x150.jpg', 'https://rabeyaenterprise.com/wp-content/uploads/2023/12/Lower-Body-Treatment-Patch3-150x150.jpg', 'https://rabeyaenterprise.com/wp-content/uploads/2023/12/Lower-Body-Treatment-Patch2-150x150.jpg']",,,[],,False
waterproof-shower-curtain.html,Waterproof Shower Curtain,"['https://rabeyaenterprise.com/wp-content/uploads/2022/07/Waterproof-Shower-Curtain.jpg', 'https://rabeyaenterprise.com/wp-content/uploads/2022/07/Waterproof-Shower-Curtain-150x150.jpg']",Clearance! Shower Curtain Waterproof Shower Curtain Liner Mildew Resistant for Bathroom Showers,,[],,False
mini-foot-pump.html,Mini Foot Pump,"['https://rabeyaenterprise.com/wp-content/uploads/2022/08/Mini-Foot-Pump.jpg', 'https://rabeyaenterprise.com/wp-content/uploads/2022/08/Mini-Foot-Pump2.jpg', 'https://rabeyaenterprise.com/wp-content/uploads/2022/08/Mini-Foot-Pump-150x150.jpg', 'https://rabeyaenterprise.com/wp-content/uploads/2022/08/Mini-Foot-Pump2-150x150.jpg']",,,[],,False
ibaby-infant-to-toddler-rocker.html,Ibaby Infant to Toddler Rocker,"['https://rabeyaenterprise.com/wp-content/uploads/2021/08/ibaby-Infant-to-Toddler-Rocker-F1.jpg', 'https://rabeyaenterprise.com/wp-content/uploads/2021/08/ibaby-Infant-to-Toddler-Rocker-F2.jpg', 'https://rabeyaenterprise.com/wp-content/uploads/2021/08/ibaby-Infant-to-Toddler-Rocker-F3.jpg', 'https://rabeyaenterprise.com/wp-content/uploads/2021/08/ibaby-Infant-to-Toddler-Rocker-F1-150x150.jpg', 'https://rabeyaenterprise.com/wp-content/uploads/2021/08/ibaby-Infant-to-Toddler-Rocker-F2-150x150.jpg', 'https://rabeyaenterprise.com/wp-content/uploads/2021/08/ibaby-Infant-to-Toddler-Rocker-F3-150x150.jpg']",Baby rocking chair With Music Newborn Cradle Bed Infant Bouncer With Hanging Rattle Toys Swing Chair Kid Bassinet,,['Moms & Kids'],,False
4-layer-iron-oven-rack.html,4 Layer Iron Rack,"['https://rabeyaenterprise.com/wp-content/uploads/2023/12/WhatsApp-Image-2023-12-06-at-12.05.38-PM.jpeg', 'https://rabeyaenterprise.com/wp-content/uploads/2023/12/4-Layer-Iron-Oven-Rack-3.jpg', 'https://rabeyaenterprise.com/wp-content/uploads/2023/12/WhatsApp-Image-2023-12-06-at-12.05.38-PM-150x150.jpeg', 'https://rabeyaenterprise.com/wp-content/uploads/2023/12/4-Layer-Iron-Oven-Rack-3-150x200.jpg']",✅ উচ্চ মানের লোহার তৈরি✅ ৪ স্তরের বড় স্টোরেজ ক্যাপাসিটি✅ ওপেন ডিজাইন – সহজে দেখা ও ব্যবহারযোগ্য✅ ঘরের যেকোনো কোণায় স্থাপনযোগ্য,,[],,False
5-layer-iron-rack.html,5 Layer Iron Rack,"['https://rabeyaenterprise.com/wp-content/uploads/2024/08/5-Layer-Iron-Rack04.jpg', 'https://rabeyaenterprise.com/wp-content/uploads/2024/08/5-Layer-Iron-Rack03.jpg', 'https://rabeyaenterprise.com/wp-content/uploads/2024/08/5-Layer-Iron-Rack.jpg', 'https://rabeyaenterprise.com/wp-content/uploads/2024/08/5-Layer-Iron-Rack04-150x150.jpg', 'https://rabeyaenterprise.com/wp-content/uploads/2024/08/5-Layer-Iron-Rack03-150x150.jpg', 'https://rabeyaenterprise.com/wp-content/uploads/2024/08/5-Layer-Iron-Rack-150x150.jpg']",,,[],,False
router-stand.html,Router Stand,"['https://rabeyaenterprise.com/wp-content/uploads/2023/09/Router-Stand.jpg', 'https://rabeyaenterprise.com/wp-content/uploads/2023/09/product-image-2.jpg', 'https://rabeyaenterprise.com/wp-content/uploads/2023/09/Router-Stand-2.jpg', 'https://rabeyaenterprise.com/wp-content/uploads/2023/09/Router-Stand-F3.jpg', 'https://rabeyaenterprise.com/wp-content/uploads/2023/09/Router-Stand-F1.jpg', 'https://rabeyaenterprise.com/wp-content/uploads/2023/09/Router-Stand-F2.jpg', 'https://rabeyaenterprise.com/wp-content/uploads/2023/09/Router-Stand-150x150.jpg', 'https://rabeyaenterprise.com/wp-content/uploads/2023/09/product-image-2-150x150.jpg', 'https://rabeyaenterprise.com/wp-content/uploads/2023/09/Router-Stand-2-150x150.jpg', 'https://rabeyaenterprise.com/wp-content/uploads/2023/09/Router-Stand-F3-150x150.jpg', 'https://rabeyaenterprise.com/wp-content/uploads/2023/09/Router-Stand-F1-150x150.jpg', 'https://rabeyaenterprise.com/wp-content/uploads/2023/09/Router-Stand-F2-150x150.jpg']",,,[],,False
electric-cooking-pot-multifunctional.html,Electric Cooking Pot Multifunctional,['https://rabeyaenterprise.com/wp-content/uploads/woocommerce-placeholder.webp'],,,[],,False
drawing-board-for-kids.html,Drawing Board for Kids,['https://rabeyaenterprise.com/wp-content/uploads/2023/01/Drawing-Board-for-Kids-F1.jpg'],Magnetic Drawing Board Erasable Writing Sketch Board Kids Educational Toys,,[],,False
card-early-education-device.html,Card Early Education Device,"['https://rabeyaenterprise.com/wp-content/uploads/2022/08/Card-Early-Education-Device.jpg', 'https://rabeyaenterprise.com/wp-content/uploads/2022/08/Card-Early-Education-Device4.jpg', 'https://rabeyaenterprise.com/wp-content/uploads/2022/08/Card-Early-Education-Device3.jpg', 'https://rabeyaenterprise.com/wp-content/uploads/2022/08/Card-Early-Education-Device2.jpg', 'https://rabeyaenterprise.com/wp-content/uploads/2022/08/Card-Early-Education-Device-150x150.jpg', 'https://rabeyaenterprise.com/wp-content/uploads/2022/08/Card-Early-Education-Device4-150x150.jpg', 'https://rabeyaenterprise.com/wp-content/uploads/2022/08/Card-Early-Education-Device3-150x150.jpg', 'https://rabeyaenterprise.com/wp-content/uploads/2022/08/Card-Early-Education-Device2-150x150.jpg']",Card Early Education Machine Words Card Reading Learning Device Educational Toy with 112PCS Double-Sided 224 Words Cards,,[],,False
ss-5-layer-shoe-rack-69.html,Ss 5 Layer Shoe Rack – 69,"['https://rabeyaenterprise.com/wp-content/uploads/2025/04/Ss-5-Layer-Shoe-Rack-–-69.jpg', 'https://rabeyaenterprise.com/wp-content/uploads/2025/04/Ss-5-Layer-Shoe-Rack-–-69-3.jpg', 'https://rabeyaenterprise.com/wp-content/uploads/2025/04/WhatsApp-Image-2025-10-18-at-13.33.21_f5b7ca6a.jpg', 'https://rabeyaenterprise.com/wp-content/uploads/2025/04/Ss-5-Layer-Shoe-Rack-–-69-4.jpg', 'https://rabeyaenterprise.com/wp-content/uploads/2025/04/Ss-5-Layer-Shoe-Rack-–-69-2.jpg', 'https://rabeyaenterprise.com/wp-content/uploads/2025/04/Ss-5-Layer-Shoe-Rack-–-69-150x150.jpg', 'https://rabeyaenterprise.com/wp-content/uploads/2025/04/Ss-5-Layer-Shoe-Rack-–-69-3-150x150.jpg', 'https://rabeyaenterprise.com/wp-content/uploads/2025/04/WhatsApp-Image-2025-10-18-at-13.33.21_f5b7ca6a-150x150.jpg', 'https://rabeyaenterprise.com/wp-content/uploads/2025/04/Ss-5-Layer-Shoe-Rack-–-69-4-150x150.jpg', 'https://rabeyaenterprise.com/wp-content/uploads/2025/04/Ss-5-Layer-Shoe-Rack-–-69-2-150x150.jpg']",,,[],,False
manicure-set-pedicure-kit-nail-clippers-professional-grooming-kit-nail-tools-with-luxurious-travel-case-for-men-women.html,Manicure and Pedicure Set,"['https://rabeyaenterprise.com/wp-content/uploads/2023/10/Manicure-and-Pedicure-Set2.webp', 'https://rabeyaenterprise.com/wp-content/uploads/2023/10/Manicure-and-Pedicure-Set.jpg', 'https://rabeyaenterprise.com/wp-content/uploads/2023/10/Manicure-and-Pedicure-Set2-150x150.webp', 'https://rabeyaenterprise.com/wp-content/uploads/2023/10/Manicure-and-Pedicure-Set-150x150.jpg']",,,[],,False
quran-sharif-janamaz-rack.html,Quran Sharif & Janamaz Rack,"['https://rabeyaenterprise.com/wp-content/uploads/2024/02/Quran-Sharif-Janamaz-Rack-5-1.jpeg', 'https://rabeyaenterprise.com/wp-content/uploads/2024/02/Quran-Sharif-Janamaz-Rack-3.png', 'https://rabeyaenterprise.com/wp-content/uploads/2024/02/Quran-Sharif-Janamaz-Rack-2.png', 'https://rabeyaenterprise.com/wp-content/uploads/2024/02/Quran-Sharif-amp-Janamaz-Rack3.jpg', 'https://rabeyaenterprise.com/wp-content/uploads/2024/02/Quran-Sharif-amp-Janamaz-Rack2.jpg', 'https://rabeyaenterprise.com/wp-content/uploads/2024/02/Quran-Sharif-amp-Janamaz-Rack.jpg', 'https://rabeyaenterprise.com/wp-content/uploads/2024/02/Quran-Sharif-Janamaz-Rack-5-1-150x150.jpeg', 'https://rabeyaenterprise.com/wp-content/uploads/2024/02/Quran-Sharif-Janamaz-Rack-3-150x150.png', 'https://rabeyaenterprise.com/wp-content/uploads/2024/02/Quran-Sharif-Janamaz-Rack-2-150x150.png', 'https://rabeyaenterprise.com/wp-content/uploads/2024/02/Quran-Sharif-amp-Janamaz-Rack3-150x150.jpg', 'https://rabeyaenterprise.com/wp-content/uploads/2024/02/Quran-Sharif-amp-Janamaz-Rack2-150x150.jpg', 'https://rabeyaenterprise.com/wp-content/uploads/2024/02/Quran-Sharif-amp-Janamaz-Rack-150x150.jpg']",,,[],,False
watch-smart-series-9-s27.html,WATCH SMART SERIES 9 S27,"['https://rabeyaenterprise.com/wp-content/uploads/2024/11/Watch-Series-92.webp', 'https://rabeyaenterprise.com/wp-content/uploads/2024/11/Watch-Series-9.webp', 'https://rabeyaenterprise.com/wp-content/uploads/2024/11/Watch-Series-92-150x150.webp', 'https://rabeyaenterprise.com/wp-content/uploads/2024/11/Watch-Series-9-150x158.webp']",,,[],,False
silicone-massage-bath-brush.html,Silicone Massage Bath Brush,"['https://rabeyaenterprise.com/wp-content/uploads/2022/02/Silicone-Massage-Bath-Brush.jpg', 'https://rabeyaenterprise.com/wp-content/uploads/2022/02/Silicone-Massage-Bath-Brush-150x150.jpg']",Silicone Bath Brush Bath Home Massage Shampoo Brush Silicone Round Baby Bath Brush Can Fill Liquid Bathroom Ball,,[],,False
nima-2-in-1.html,Nima 2 in 1,"['https://rabeyaenterprise.com/wp-content/uploads/2021/08/Nima-2-In-1-F1.jpg', 'https://rabeyaenterprise.com/wp-content/uploads/2021/08/Nima-2-In-1-F2.jpg', 'https://rabeyaenterprise.com/wp-content/uploads/2021/08/Nima-2-In-1-F3.jpg', 'https://rabeyaenterprise.com/wp-content/uploads/2021/08/Nima-2-In-1-F1-150x150.jpg', 'https://rabeyaenterprise.com/wp-content/uploads/2021/08/Nima-2-In-1-F2-150x150.jpg', 'https://rabeyaenterprise.com/wp-content/uploads/2021/08/Nima-2-In-1-F3-150x150.jpg']",,,[],,False
3in1-mobile-phone-cleaner-set.html,Mobile Phone Cleaner Set 3 in 1,"['https://rabeyaenterprise.com/wp-content/uploads/2023/11/Mobile-Phone-Cleaner-Set-3-in.jpg', 'https://rabeyaenterprise.com/wp-content/uploads/2023/11/Mobile-Phone-Cleaner-Set-3-in6.jpg', 'https://rabeyaenterprise.com/wp-content/uploads/2023/11/Mobile-Phone-Cleaner-Set-3-in5.jpg', 'https://rabeyaenterprise.com/wp-content/uploads/2023/11/Mobile-Phone-Cleaner-Set-3-in4.jpg', 'https://rabeyaenterprise.com/wp-content/uploads/2023/11/Mobile-Phone-Cleaner-Set-3-in3.jpg', 'https://rabeyaenterprise.com/wp-content/uploads/2023/11/Mobile-Phone-Cleaner-Set-3-in2.jpg', 'https://rabeyaenterprise.com/wp-content/uploads/2023/11/Mobile-Phone-Cleaner-Set-3-in-150x150.jpg', 'https://rabeyaenterprise.com/wp-content/uploads/2023/11/Mobile-Phone-Cleaner-Set-3-in6-150x150.jpg', 'https://rabeyaenterprise.com/wp-content/uploads/2023/11/Mobile-Phone-Cleaner-Set-3-in5-150x150.jpg', 'https://rabeyaenterprise.com/wp-content/uploads/2023/11/Mobile-Phone-Cleaner-Set-3-in4-150x150.jpg', 'https://rabeyaenterprise.com/wp-content/uploads/2023/11/Mobile-Phone-Cleaner-Set-3-in3-150x150.jpg', 'https://rabeyaenterprise.com/wp-content/uploads/2023/11/Mobile-Phone-Cleaner-Set-3-in2-150x150.jpg']",,,[],,False
5-layer-food-safety-cover.html,5 Layer Food Safety Cover,"['https://rabeyaenterprise.com/wp-content/uploads/2024/09/5-Layer-Food-Safety-Cover.jpg', 'https://rabeyaenterprise.com/wp-content/uploads/2024/09/WhatsApp-Image-2024-09-25-at-12.28.19-PM.jpeg', 'https://rabeyaenterprise.com/wp-content/uploads/2024/09/WhatsApp-Image-2024-09-25-at-12.28.21-PM.jpeg', 'https://rabeyaenterprise.com/wp-content/uploads/2024/09/5-Layer-Food-Safety-Cover5.jpg', 'https://rabeyaenterprise.com/wp-content/uploads/2024/09/5-Layer-Food-Safety-Cover4.jpg', 'https://rabeyaenterprise.com/wp-content/uploads/2024/09/5-Layer-Food-Safety-Cover3.jpg', 'https://rabeyaenterprise.com/wp-content/uploads/2024/09/5-Layer-Food-Safety-Cover2.jpg', 'https://rabeyaenterprise.com/wp-content/uploads/2024/09/5-Layer-Food-Safety-Cover-150x150.jpg', 'https://rabeyaenterprise.com/wp-content/uploads/2024/09/WhatsApp-Image-2024-09-25-at-12.28.19-PM-150x150.jpeg', 'https://rabeyaenterprise.com/wp-content/uploads/2024/09/WhatsApp-Image-2024-09-25-at-12.28.21-PM-150x218.jpeg', 'https://rabeyaenterprise.com/wp-content/uploads/2024/09/5-Layer-Food-Safety-Cover5-150x150.jpg', 'https://rabeyaenterprise.com/wp-content/uploads/2024/09/5-Layer-Food-Safety-Cover4-150x150.jpg', 'https://rabeyaenterprise.com/wp-content/uploads/2024/09/5-Layer-Food-Safety-Cover3-150x150.jpg', 'https://rabeyaenterprise.com/wp-content/uploads/2024/09/5-Layer-Food-Safety-Cover2-150x150.jpg']","Green, Yellow",,[],,False
led-musical-bouncer.html,Led Musical Bouncer,"['https://rabeyaenterprise.com/wp-content/uploads/2025/11/Led-Musical-Bouncer-4.jpg', 'https://rabeyaenterprise.com/wp-content/uploads/2025/11/Led-Musical-Bouncer-9.jpg', 'https://rabeyaenterprise.com/wp-content/uploads/2025/11/Led-Musical-Bouncer-6.jpg', 'https://rabeyaenterprise.com/wp-content/uploads/2025/11/Led-Musical-Bouncer-5.jpg', 'https://rabeyaenterprise.com/wp-content/uploads/2025/11/Led-Musical-Bouncer.jpg', 'https://rabeyaenterprise.com/wp-content/uploads/2025/11/Led-Musical-Bouncer-10.jpg', 'https://rabeyaenterprise.com/wp-content/uploads/2025/11/Led-Musical-Bouncer-8.jpg', 'https://rabeyaenterprise.com/wp-content/uploads/2025/11/Led-Musical-Bouncer-3.jpg', 'https://rabeyaenterprise.com/wp-content/uploads/2025/11/Led-Musical-Bouncer-2.jpg', 'https://rabeyaenterprise.com/wp-content/uploads/2025/08/Led-Musical-Bouncer12.jpg', 'https://rabeyaenterprise.com/wp-content/uploads/2025/08/Led-Musical-Bouncer11.jpg', 'https://rabeyaenterprise.com/wp-content/uploads/2025/11/Led-Musical-Bouncer-1.jpg', 'https://rabeyaenterprise.com/wp-content/uploads/2025/11/Led-Musical-Bouncer-4-150x150.jpg', 'https://rabeyaenterprise.com/wp-content/uploads/2025/11/Led-Musical-Bouncer-9-150x150.jpg', 'https://rabeyaenterprise.com/wp-content/uploads/2025/11/Led-Musical-Bouncer-6-150x150.jpg', 'https://rabeyaenterprise.com/wp-content/uploads/2025/11/Led-Musical-Bouncer-5-150x150.jpg', 'https://rabeyaenterprise.com/wp-content/uploads/2025/11/Led-Musical-Bouncer-150x150.jpg', 'https://rabeyaenterprise.com/wp-content/uploads/2025/11/Led-Musical-Bouncer-10-150x150.jpg', 'https://rabeyaenterprise.com/wp-content/uploads/2025/11/Led-Musical-Bouncer-8-150x150.jpg', 'https://rabeyaenterprise.com/wp-content/uploads/2025/11/Led-Musical-Bouncer-3-150x150.jpg', 'https://rabeyaenterprise.com/wp-content/uploads/2025/11/Led-Musical-Bouncer-2-150x150.jpg', 'https://rabeyaenterprise.com/wp-content/uploads/2025/08/Led-Musical-Bouncer12-150x150.jpg', 'https://rabeyaenterprise.com/wp-content/uploads/2025/08/Led-Musical-Bouncer11-150x150.jpg', 'https://rabeyaenterprise.com/wp-content/uploads/2025/11/Led-Musical-Bouncer-1-150x150.jpg']",🔹 Material: Durable ABS plastic frame + Quilted soft fabric seat🔹 Load Capacity: 0 – 25 kg🔹 Suitable Age: 0 – 24 Month,,['Moms & Kids'],,False
wall-seasoning-spice-box.html,Wall Seasoning Spice Box,"['https://rabeyaenterprise.com/wp-content/uploads/2022/05/Wall-Seasoning-Spice-Box.jpg', 'https://rabeyaenterprise.com/wp-content/uploads/2022/05/Wall-Seasoning-Spice-Box-150x150.jpg']",Kitchen Organizer Storage Box Seasoning Jar Bottle Wall Hanging Spice Rack Rotatable Sugar Salt Condiment Container Kitchen Tool,,[],,False
riduttore-soft-reducer-seat.html,Baby Potty Ring Riduttore Soft Reducer,"['https://rabeyaenterprise.com/wp-content/uploads/2021/08/Riduttore-Soft-Reducer-F4.jpg', 'https://rabeyaenterprise.com/wp-content/uploads/2021/08/Riduttore-Soft-Reducer-F2.jpg', 'https://rabeyaenterprise.com/wp-content/uploads/2021/08/Riduttore-Soft-Reducer-F3.jpg', 'https://rabeyaenterprise.com/wp-content/uploads/2021/08/FB_IMG_16272864377440859.jpg', 'https://rabeyaenterprise.com/wp-content/uploads/2021/08/Riduttore-Soft-Reducer-F4-150x150.jpg', 'https://rabeyaenterprise.com/wp-content/uploads/2021/08/Riduttore-Soft-Reducer-F2-150x150.jpg', 'https://rabeyaenterprise.com/wp-content/uploads/2021/08/Riduttore-Soft-Reducer-F3-150x150.jpg', 'https://rabeyaenterprise.com/wp-content/uploads/2021/08/FB_IMG_16272864377440859-150x146.jpg']",,,['Moms & Kids'],,False
paint-zoom.html,Paint Zoom,"['https://rabeyaenterprise.com/wp-content/uploads/2021/08/Paint-Zoom-1.jpg', 'https://rabeyaenterprise.com/wp-content/uploads/2021/08/Paint-Zoom2-1.jpg', 'https://rabeyaenterprise.com/wp-content/uploads/2021/08/Paint-Zoom-1-150x150.jpg', 'https://rabeyaenterprise.com/wp-content/uploads/2021/08/Paint-Zoom2-1-150x150.jpg']",সারাদেশব্যপী ডেলিভারি করে থাকি। সর্বনিম্ন অর্ডার ১ কার্টোন। পণ্যের মুল্যের সাথে ডেলিভারি চার্জ ও কুরিয়ার চার্জ যোগ হবে। 40% টাকা অগ্রিম দিতে হবে।,,[],,False
ladies-jhinuk-locket.html,JHINUK LOCKET,"['https://rabeyaenterprise.com/wp-content/uploads/2023/10/JHINUK-LOCKET.jpg', 'https://rabeyaenterprise.com/wp-content/uploads/2023/10/JHINUK-LOCKET3.jpg', 'https://rabeyaenterprise.com/wp-content/uploads/2023/10/JHINUK-LOCKET2.jpg', 'https://rabeyaenterprise.com/wp-content/uploads/2023/10/JHINUK-LOCKET-150x150.jpg', 'https://rabeyaenterprise.com/wp-content/uploads/2023/10/JHINUK-LOCKET3-150x150.jpg', 'https://rabeyaenterprise.com/wp-content/uploads/2023/10/JHINUK-LOCKET2-150x150.jpg']",,,[],,False
brush-holder.html,Brush Holder,['https://rabeyaenterprise.com/wp-content/uploads/woocommerce-placeholder.webp'],সারাদেশব্যপী  ডেলিভারি করে থাকি। সর্বনিম্ন অর্ডার ১ কার্টোন। পণ্যের মুল্যের সাথে ডেলিভারি চার্জ ও কুরিয়ার চার্জ যোগ হবে। 40% টাকা অগ্রিম দিতে হবে।,,[],,False
multifunctional-kitchen-and-oven-rack.html,Multifunctional Kitchen and Oven Rack,"['https://rabeyaenterprise.com/wp-content/uploads/2024/12/Multifunctional-Kitchen-and-Oven-Rack.jpg', 'https://rabeyaenterprise.com/wp-content/uploads/2024/12/Multifunctional-Kitchen-and-Oven-Rack3.jpg', 'https://rabeyaenterprise.com/wp-content/uploads/2024/12/Multifunctional-Kitchen-and-Oven-Rack-150x150.jpg', 'https://rabeyaenterprise.com/wp-content/uploads/2024/12/Multifunctional-Kitchen-and-Oven-Rack3-150x150.jpg']",,,[],,False
portable-keychain-power-banks.html,Keychain Portable Power Bank,"['https://rabeyaenterprise.com/wp-content/uploads/2023/10/Keychain-Portable-Power-Bank.jpg', 'https://rabeyaenterprise.com/wp-content/uploads/2023/10/Keychain-Portable-Power-Bank4.jpg', 'https://rabeyaenterprise.com/wp-content/uploads/2023/10/Keychain-Portable-Power-Bank3.jpg', 'https://rabeyaenterprise.com/wp-content/uploads/2023/10/Keychain-Portable-Power-Bank2.jpg', 'https://rabeyaenterprise.com/wp-content/uploads/2023/10/Keychain-Portable-Power-Bank-150x150.jpg', 'https://rabeyaenterprise.com/wp-content/uploads/2023/10/Keychain-Portable-Power-Bank4-150x150.jpg', 'https://rabeyaenterprise.com/wp-content/uploads/2023/10/Keychain-Portable-Power-Bank3-150x150.jpg', 'https://rabeyaenterprise.com/wp-content/uploads/2023/10/Keychain-Portable-Power-Bank2-150x150.jpg']",,,[],,False
bracelets-bio-magnetic-green-red-black-carbon.html,"Bracelets Bio Magnetic Green, Red & Black Carbon","['https://rabeyaenterprise.com/wp-content/uploads/2023/01/Bio-Magnetic-Bracelets-Green-Red-Black-Carbon-F3.jpg', 'https://rabeyaenterprise.com/wp-content/uploads/2023/01/Bio-Magnetic-Bracelets-Green-Red-Black-Carbon-F4.jpg', 'https://rabeyaenterprise.com/wp-content/uploads/2023/01/Bio-Magnetic-Bracelets-Green-Red-Black-Carbon-F2.jpg', 'https://rabeyaenterprise.com/wp-content/uploads/2023/01/Bio-Magnetic-Bracelets-Green-Red-Black-Carbon-F1.jpg', 'https://rabeyaenterprise.com/wp-content/uploads/2023/01/Bio-Magnetic-Bracelets-Green-Red-Black-Carbon-F3-150x150.jpg', 'https://rabeyaenterprise.com/wp-content/uploads/2023/01/Bio-Magnetic-Bracelets-Green-Red-Black-Carbon-F4-150x150.jpg', 'https://rabeyaenterprise.com/wp-content/uploads/2023/01/Bio-Magnetic-Bracelets-Green-Red-Black-Carbon-F2-150x150.jpg', 'https://rabeyaenterprise.com/wp-content/uploads/2023/01/Bio-Magnetic-Bracelets-Green-Red-Black-Carbon-F1-150x150.jpg']",,,[],,False
leaf-shape-draining-soap-holder.html,Leaf Shape Draining Soap Holder,"['https://rabeyaenterprise.com/wp-content/uploads/2021/08/Leaf-Shape-Draining-Soap-Holder.jpg', 'https://rabeyaenterprise.com/wp-content/uploads/2021/08/Leaf-Shape-Draining-Soap-Holder2.jpg', 'https://rabeyaenterprise.com/wp-content/uploads/2021/08/Leaf-Shape-Draining-Soap-Holder-150x150.jpg', 'https://rabeyaenterprise.com/wp-content/uploads/2021/08/Leaf-Shape-Draining-Soap-Holder2-150x150.jpg']",,,[],,False
temperature-control-hair-straightner.html,Tempreture Control Hair Straightner,['https://rabeyaenterprise.com/wp-content/uploads/2022/05/TEMPERATURE-CONTROL-HAIR-STRAIGHTNER-F1.jpg'],,,[],,False
4-tiers-rectangular-storage-rack.html,4 Tiers Rectangular Storage Rack,"['https://rabeyaenterprise.com/wp-content/uploads/2024/12/4-Tiers-Rectangular-Storage-Rack2-1.jpg', 'https://rabeyaenterprise.com/wp-content/uploads/2025/10/4-tire-kitchen-storage-rack.jpg', 'https://rabeyaenterprise.com/wp-content/uploads/2024/12/4-tiers-rectangular-storage-rack4.jpg', 'https://rabeyaenterprise.com/wp-content/uploads/2024/12/4-tiers-rectangular-storage-rack3.jpg', 'https://rabeyaenterprise.com/wp-content/uploads/2024/12/4-tiers-rectangular-storage-rack2.jpg', 'https://rabeyaenterprise.com/wp-content/uploads/2024/12/4-Tiers-Rectangular-Storage-Rack.jpg', 'https://rabeyaenterprise.com/wp-content/uploads/2024/12/4-Tiers-Rectangular-Storage-Rack2-1-150x150.jpg', 'https://rabeyaenterprise.com/wp-content/uploads/2025/10/4-tire-kitchen-storage-rack-150x150.jpg', 'https://rabeyaenterprise.com/wp-content/uploads/2024/12/4-tiers-rectangular-storage-rack4-150x150.jpg', 'https://rabeyaenterprise.com/wp-content/uploads/2024/12/4-tiers-rectangular-storage-rack3-150x150.jpg', 'https://rabeyaenterprise.com/wp-content/uploads/2024/12/4-tiers-rectangular-storage-rack2-150x150.jpg', 'https://rabeyaenterprise.com/wp-content/uploads/2024/12/4-Tiers-Rectangular-Storage-Rack-150x150.jpg']",,,[],,False
mini-foldable-brush-comb.html,Mini Foldable Brush Comb,"['https://rabeyaenterprise.com/wp-content/uploads/2023/10/Mini-Foldable-Brush-Comb.jpg', 'https://rabeyaenterprise.com/wp-content/uploads/2023/10/Mini-Foldable-Brush-Comb6.jpg', 'https://rabeyaenterprise.com/wp-content/uploads/2023/10/Mini-Foldable-Brush-Comb5.jpg', 'https://rabeyaenterprise.com/wp-content/uploads/2023/10/Mini-Foldable-Brush-Comb4.jpg', 'https://rabeyaenterprise.com/wp-content/uploads/2023/10/Mini-Foldable-Brush-Comb3.jpg', 'https://rabeyaenterprise.com/wp-content/uploads/2023/10/Mini-Foldable-Brush-Comb2.jpg', 'https://rabeyaenterprise.com/wp-content/uploads/2023/10/Mini-Foldable-Brush-Comb-150x150.jpg', 'https://rabeyaenterprise.com/wp-content/uploads/2023/10/Mini-Foldable-Brush-Comb6-150x150.jpg', 'https://rabeyaenterprise.com/wp-content/uploads/2023/10/Mini-Foldable-Brush-Comb5-150x150.jpg', 'https://rabeyaenterprise.com/wp-content/uploads/2023/10/Mini-Foldable-Brush-Comb4-150x150.jpg', 'https://rabeyaenterprise.com/wp-content/uploads/2023/10/Mini-Foldable-Brush-Comb3-150x150.jpg', 'https://rabeyaenterprise.com/wp-content/uploads/2023/10/Mini-Foldable-Brush-Comb2-150x150.jpg']",,,[],,False
almari-hanger.html,ALMARI/CLOSET CLOTH HANGER,"['https://rabeyaenterprise.com/wp-content/uploads/2025/11/Almari-Hanger-1.jpg', 'https://rabeyaenterprise.com/wp-content/uploads/2025/05/Almari-Hanger5.jpg', 'https://rabeyaenterprise.com/wp-content/uploads/2025/05/Almari-Hanger.jpg', 'https://rabeyaenterprise.com/wp-content/uploads/2025/05/Almari-Hanger4.jpg', 'https://rabeyaenterprise.com/wp-content/uploads/2025/11/Almari-Hanger-2.jpg', 'https://rabeyaenterprise.com/wp-content/uploads/2025/05/Almari-Hanger3.jpg', 'https://rabeyaenterprise.com/wp-content/uploads/2025/05/Almari-Hanger2.jpg', 'https://rabeyaenterprise.com/wp-content/uploads/2025/11/Almari-Hanger-1-150x150.jpg', 'https://rabeyaenterprise.com/wp-content/uploads/2025/05/Almari-Hanger5-150x150.jpg', 'https://rabeyaenterprise.com/wp-content/uploads/2025/05/Almari-Hanger-150x150.jpg', 'https://rabeyaenterprise.com/wp-content/uploads/2025/05/Almari-Hanger4-150x150.jpg', 'https://rabeyaenterprise.com/wp-content/uploads/2025/11/Almari-Hanger-2-150x150.jpg', 'https://rabeyaenterprise.com/wp-content/uploads/2025/05/Almari-Hanger3-150x150.jpg', 'https://rabeyaenterprise.com/wp-content/uploads/2025/05/Almari-Hanger2-150x150.jpg']",,,[],,False
nose-hair-trimmer.html,Nose Hair Trimmer,"['https://rabeyaenterprise.com/wp-content/uploads/2022/07/Nose-Hair-Trimmer.jpg', 'https://rabeyaenterprise.com/wp-content/uploads/2022/07/Nose-Hair-Trimmer4.jpg', 'https://rabeyaenterprise.com/wp-content/uploads/2022/07/Nose-Hair-Trimmer3.jpg', 'https://rabeyaenterprise.com/wp-content/uploads/2022/07/Nose-Hair-Trimmer2.jpg', 'https://rabeyaenterprise.com/wp-content/uploads/2022/07/Nose-Hair-Trimmer-150x150.jpg', 'https://rabeyaenterprise.com/wp-content/uploads/2022/07/Nose-Hair-Trimmer4-150x150.jpg', 'https://rabeyaenterprise.com/wp-content/uploads/2022/07/Nose-Hair-Trimmer3-150x150.jpg', 'https://rabeyaenterprise.com/wp-content/uploads/2022/07/Nose-Hair-Trimmer2-150x150.jpg']",Stainless Steel Manual Cuci Hidung Pemangkas Perangkat Mekanik Pemangkas Rambut Hidung Pencukuran Bulu dan Rambut Alat,,[],,False
ss-flexible-door-hanger.html,Ss Flexible Door Hanger,"['https://rabeyaenterprise.com/wp-content/uploads/2025/04/Ss-Flexible-Door-Hanger4.jpg', 'https://rabeyaenterprise.com/wp-content/uploads/2025/04/Ss-Flexible-Door-Hanger6.jpg', 'https://rabeyaenterprise.com/wp-content/uploads/2025/04/Ss-Flexible-Door-Hanger5.jpg', 'https://rabeyaenterprise.com/wp-content/uploads/2025/04/Ss-Flexible-Door-Hanger3.jpg', 'https://rabeyaenterprise.com/wp-content/uploads/2025/04/Ss-Flexible-Door-Hanger2.jpg', 'https://rabeyaenterprise.com/wp-content/uploads/2025/04/Ss-Flexible-Door-Hanger.jpg', 'https://rabeyaenterprise.com/wp-content/uploads/2025/04/Ss-Flexible-Door-Hanger4-150x150.jpg', 'https://rabeyaenterprise.com/wp-content/uploads/2025/04/Ss-Flexible-Door-Hanger6-150x150.jpg', 'https://rabeyaenterprise.com/wp-content/uploads/2025/04/Ss-Flexible-Door-Hanger5-150x150.jpg', 'https://rabeyaenterprise.com/wp-content/uploads/2025/04/Ss-Flexible-Door-Hanger3-150x150.jpg', 'https://rabeyaenterprise.com/wp-content/uploads/2025/04/Ss-Flexible-Door-Hanger2-150x150.jpg', 'https://rabeyaenterprise.com/wp-content/uploads/2025/04/Ss-Flexible-Door-Hanger-150x150.jpg']",,,[],,False
led-digital-tasbih.html,LED Digital Tasbih,['https://rabeyaenterprise.com/wp-content/uploads/woocommerce-placeholder.webp'],Electronics Tasbeeh Digital Tally Counter with Led Easy Resettable Sxh5136 Original Digital Rosary for Muslim Pray,,[],,False
ap-baby-desk.html,Ap Baby Desk,"['https://rabeyaenterprise.com/wp-content/uploads/2024/10/Ap-Baby-Desk.jpg', 'https://rabeyaenterprise.com/wp-content/uploads/2024/10/Ap-Baby-Desk4.jpg', 'https://rabeyaenterprise.com/wp-content/uploads/2024/10/Ap-Baby-Desk3.jpg', 'https://rabeyaenterprise.com/wp-content/uploads/2024/10/Ap-Baby-Desk2.jpg', 'https://rabeyaenterprise.com/wp-content/uploads/2024/10/Ap-Baby-Desk-150x150.jpg', 'https://rabeyaenterprise.com/wp-content/uploads/2024/10/Ap-Baby-Desk4-150x150.jpg', 'https://rabeyaenterprise.com/wp-content/uploads/2024/10/Ap-Baby-Desk3-150x150.jpg', 'https://rabeyaenterprise.com/wp-content/uploads/2024/10/Ap-Baby-Desk2-150x150.jpg']",,,['Moms & Kids'],,False
remote-organizer.html,REMOTE ORGANIZER,['https://rabeyaenterprise.com/wp-content/uploads/2021/08/1.jpg'],,,[],,False
tablet-laptop-phone-stand.html,Tablet Laptop Phone Stand,"['https://rabeyaenterprise.com/wp-content/uploads/2022/09/Tablet-Laptop-Phone-Stand-2.jpg', 'https://rabeyaenterprise.com/wp-content/uploads/2022/09/Tablet-Laptop-Phone-Stand-1.jpg', 'https://rabeyaenterprise.com/wp-content/uploads/2022/09/Tablet-Laptop-Phone-Stand.jpg', 'https://rabeyaenterprise.com/wp-content/uploads/2022/09/Tablet-Laptop-Phone-Stand-2-150x150.jpg', 'https://rabeyaenterprise.com/wp-content/uploads/2022/09/Tablet-Laptop-Phone-Stand-1-150x150.jpg', 'https://rabeyaenterprise.com/wp-content/uploads/2022/09/Tablet-Laptop-Phone-Stand-150x150.jpg']",Mini Laptop Holder Adjustable Portable Phone Stand Support 3in1 Notebook Stand Holder,,[],,False
instant-cooling-towel.html,Cooling Towell,"['https://rabeyaenterprise.com/wp-content/uploads/2021/08/Cooling-Towell.jpg', 'https://rabeyaenterprise.com/wp-content/uploads/2021/08/Cooling-Towell4.jpg', 'https://rabeyaenterprise.com/wp-content/uploads/2021/08/Cooling-Towell3.jpg', 'https://rabeyaenterprise.com/wp-content/uploads/2021/08/Cooling-Towell2.jpg', 'https://rabeyaenterprise.com/wp-content/uploads/2021/08/Cooling-Towell-150x150.jpg', 'https://rabeyaenterprise.com/wp-content/uploads/2021/08/Cooling-Towell4-150x150.jpg', 'https://rabeyaenterprise.com/wp-content/uploads/2021/08/Cooling-Towell3-150x150.jpg', 'https://rabeyaenterprise.com/wp-content/uploads/2021/08/Cooling-Towell2-150x150.jpg']",সারাদেশব্যপী ডেলিভারি করে থাকি। সর্বনিম্ন অর্ডার ১ কার্টোন। পণ্যের মুল্যের সাথে ডেলিভারি চার্জ ও কুরিয়ার চার্জ যোগ হবে। 40% টাকা অগ্রিম দিতে হবে।,,[],,False
race-digital-hot-shower.html,Hot Shower Box Race,"['https://rabeyaenterprise.com/wp-content/uploads/2021/08/Hot-Shower-Box-Race2.jpg', 'https://rabeyaenterprise.com/wp-content/uploads/2021/08/Hot-Shower-Box-Race.png', 'https://rabeyaenterprise.com/wp-content/uploads/2021/08/Hot-Shower-Box-Race3.jpg', 'https://rabeyaenterprise.com/wp-content/uploads/2021/08/Hot-Shower-Box-Race2-150x150.jpg', 'https://rabeyaenterprise.com/wp-content/uploads/2021/08/Hot-Shower-Box-Race-150x150.png', 'https://rabeyaenterprise.com/wp-content/uploads/2021/08/Hot-Shower-Box-Race3-150x150.jpg']",Race instant electric water heater,,[],,False
wireless-visual-earpick.html,Wireless Visual Earpick,"['https://rabeyaenterprise.com/wp-content/uploads/2025/11/Wireless-Visual-Earpick-4.jpg', 'https://rabeyaenterprise.com/wp-content/uploads/2025/11/Wireless-Visual-Earpick-2.jpg', 'https://rabeyaenterprise.com/wp-content/uploads/2025/11/Wireless-Visual-Earpick-1.jpg', 'https://rabeyaenterprise.com/wp-content/uploads/2025/11/Wireless-Visual-Earpick-3.jpg', 'https://rabeyaenterprise.com/wp-content/uploads/2025/11/Wireless-Visual-Earpick-5.jpg', 'https://rabeyaenterprise.com/wp-content/uploads/2025/11/Wireless-Visual-Earpick-4-150x150.jpg', 'https://rabeyaenterprise.com/wp-content/uploads/2025/11/Wireless-Visual-Earpick-2-150x150.jpg', 'https://rabeyaenterprise.com/wp-content/uploads/2025/11/Wireless-Visual-Earpick-1-150x150.jpg', 'https://rabeyaenterprise.com/wp-content/uploads/2025/11/Wireless-Visual-Earpick-3-150x150.jpg', 'https://rabeyaenterprise.com/wp-content/uploads/2025/11/Wireless-Visual-Earpick-5-150x150.jpg']","ওয়্যারলেস কান পরিষ্কারের নতুন অভিজ্ঞতা! 1080P HD ক্যামেরা, WiFi কানেকশন এবং নরম সিলিকন টিপ সহ, এইVisual Earpickআপনাকে নিরাপদ, ব্যথাহীন ও পরিষ্কার ক্লিনিং অভিজ্ঞতা দেবে। Android, iOS—সব ডিভাইসেই সাপোর্টেড",,[],,False
bracelet-ceramic-gold-tungsten-magnetic-therapy-074.html,Bracelet Ceramic Gold Tungsten Magnetic Therapy 074,"['https://rabeyaenterprise.com/wp-content/uploads/2023/01/Ceramic-Gold-Tungsten-Magnetic-Therapy-Bracelet-074-F1.jpg', 'https://rabeyaenterprise.com/wp-content/uploads/2023/01/Ceramic-Gold-Tungsten-Magnetic-Therapy-Bracelet-074-F2.jpg', 'https://rabeyaenterprise.com/wp-content/uploads/2023/01/Ceramic-Gold-Tungsten-Magnetic-Therapy-Bracelet-074-F1-150x150.jpg', 'https://rabeyaenterprise.com/wp-content/uploads/2023/01/Ceramic-Gold-Tungsten-Magnetic-Therapy-Bracelet-074-F2-150x150.jpg']",,,[],,False
fashion-hair-comb-all-hair.html,Fashion hair comb all hair,"['https://rabeyaenterprise.com/wp-content/uploads/2024/03/Fashion-hair-comb-all-hair-6.jpg', 'https://rabeyaenterprise.com/wp-content/uploads/2024/03/Fashion-hair-comb-all-hair-5.jpg', 'https://rabeyaenterprise.com/wp-content/uploads/2024/03/Fashion-hair-comb-all-hair-4.jpg', 'https://rabeyaenterprise.com/wp-content/uploads/2024/03/Fashion-hair-comb-all-hair-3.jpg', 'https://rabeyaenterprise.com/wp-content/uploads/2024/03/Fashion-hair-comb-all-hair-2.jpg', 'https://rabeyaenterprise.com/wp-content/uploads/2024/03/Fashion-hair-comb-all-hair-1.jpg', 'https://rabeyaenterprise.com/wp-content/uploads/2024/03/Fashion-hair-comb-all-hair-6-150x150.jpg', 'https://rabeyaenterprise.com/wp-content/uploads/2024/03/Fashion-hair-comb-all-hair-5-150x150.jpg', 'https://rabeyaenterprise.com/wp-content/uploads/2024/03/Fashion-hair-comb-all-hair-4-150x150.jpg', 'https://rabeyaenterprise.com/wp-content/uploads/2024/03/Fashion-hair-comb-all-hair-3-150x150.jpg', 'https://rabeyaenterprise.com/wp-content/uploads/2024/03/Fashion-hair-comb-all-hair-2-150x150.jpg', 'https://rabeyaenterprise.com/wp-content/uploads/2024/03/Fashion-hair-comb-all-hair-1-150x150.jpg']",,,[],,False
mini-massager-with-remote.html,Mini Massager,"['https://rabeyaenterprise.com/wp-content/uploads/2023/07/Mini-Massager-With-Remote-F4.jpg', 'https://rabeyaenterprise.com/wp-content/uploads/2023/07/Mini-Massager-With-Remote-F1-1.jpg', 'https://rabeyaenterprise.com/wp-content/uploads/2023/07/Mini-Massager-With-Remote-F3.jpg', 'https://rabeyaenterprise.com/wp-content/uploads/2023/07/Mini-Massager-With-Remote-F2.jpg', 'https://rabeyaenterprise.com/wp-content/uploads/2023/07/Mini-Massager-With-Remote-F1.jpg', 'https://rabeyaenterprise.com/wp-content/uploads/2023/07/Mini-Massager-With-Remote-F4-150x150.jpg', 'https://rabeyaenterprise.com/wp-content/uploads/2023/07/Mini-Massager-With-Remote-F1-1-150x150.jpg', 'https://rabeyaenterprise.com/wp-content/uploads/2023/07/Mini-Massager-With-Remote-F3-150x150.jpg', 'https://rabeyaenterprise.com/wp-content/uploads/2023/07/Mini-Massager-With-Remote-F2-150x150.jpg', 'https://rabeyaenterprise.com/wp-content/uploads/2023/07/Mini-Massager-With-Remote-F1-150x150.jpg']",Mini Portable Electric Pulse Neck Massager Cervical Back Muscle Pain Relief,,[],,False
trimmer-vintage-t9.html,Trimmer Vintage T9,"['https://rabeyaenterprise.com/wp-content/uploads/2022/05/Trimmer-Vintage-T9-2.jpg', 'https://rabeyaenterprise.com/wp-content/uploads/2022/05/Trimmer-Vintage-T9-1.jpg', 'https://rabeyaenterprise.com/wp-content/uploads/2022/05/vintage-t9_1-1.jpg', 'https://rabeyaenterprise.com/wp-content/uploads/2022/05/Trimmer-Vintage-T9-3.jpg', 'https://rabeyaenterprise.com/wp-content/uploads/2022/05/Trimmer-Vintage-T9-4.jpg', 'https://rabeyaenterprise.com/wp-content/uploads/2022/05/Trimmer-Vintage-T9-5.jpg', 'https://rabeyaenterprise.com/wp-content/uploads/2022/05/Trimmer-Vintage-T9-2-150x150.jpg', 'https://rabeyaenterprise.com/wp-content/uploads/2022/05/Trimmer-Vintage-T9-1-150x150.jpg', 'https://rabeyaenterprise.com/wp-content/uploads/2022/05/vintage-t9_1-1-150x150.jpg', 'https://rabeyaenterprise.com/wp-content/uploads/2022/05/Trimmer-Vintage-T9-3-150x150.jpg', 'https://rabeyaenterprise.com/wp-content/uploads/2022/05/Trimmer-Vintage-T9-4-150x150.jpg', 'https://rabeyaenterprise.com/wp-content/uploads/2022/05/Trimmer-Vintage-T9-5-150x150.jpg']",,,[],,False
usb-portable-mini-capsule-cutter.html,Mini Capsule Cutter USB Portable,"['https://rabeyaenterprise.com/wp-content/uploads/2021/08/Mini-Capsule-Cutter-USB-Portable.jpg', 'https://rabeyaenterprise.com/wp-content/uploads/2021/08/Mini-Capsule-Cutter-USB-Portable7.jpg', 'https://rabeyaenterprise.com/wp-content/uploads/2021/08/Mini-Capsule-Cutter-USB-Portable6.jpg', 'https://rabeyaenterprise.com/wp-content/uploads/2021/08/Mini-Capsule-Cutter-USB-Portable5.jpg', 'https://rabeyaenterprise.com/wp-content/uploads/2021/08/Mini-Capsule-Cutter-USB-Portable4.jpg', 'https://rabeyaenterprise.com/wp-content/uploads/2021/08/Mini-Capsule-Cutter-USB-Portable3.jpg', 'https://rabeyaenterprise.com/wp-content/uploads/2021/08/Mini-Capsule-Cutter-USB-Portable2.jpg', 'https://rabeyaenterprise.com/wp-content/uploads/2021/08/Mini-Capsule-Cutter-USB-Portable-150x150.jpg', 'https://rabeyaenterprise.com/wp-content/uploads/2021/08/Mini-Capsule-Cutter-USB-Portable7-150x150.jpg', 'https://rabeyaenterprise.com/wp-content/uploads/2021/08/Mini-Capsule-Cutter-USB-Portable6-150x150.jpg', 'https://rabeyaenterprise.com/wp-content/uploads/2021/08/Mini-Capsule-Cutter-USB-Portable5-150x150.jpg', 'https://rabeyaenterprise.com/wp-content/uploads/2021/08/Mini-Capsule-Cutter-USB-Portable4-150x150.jpg', 'https://rabeyaenterprise.com/wp-content/uploads/2021/08/Mini-Capsule-Cutter-USB-Portable3-150x150.jpg', 'https://rabeyaenterprise.com/wp-content/uploads/2021/08/Mini-Capsule-Cutter-USB-Portable2-150x150.jpg']",সারাদেশব্যপী হোলসেল প্রাইজ এ ডেলিভারি করে থাকি। সর্বনিম্ন অর্ডার ১ কার্টোন। পণ্যের মুল্যের সাথে ডেলিভারি চার্জ ও কুরিয়ার চার্জ যোগ হবে। 40% টাকা অগ্রিম দিতে হবে।,,[],,False
fascial-gun.html,Fascial Gun,"['https://rabeyaenterprise.com/wp-content/uploads/2025/09/Fascial-Gun-5.jpg', 'https://rabeyaenterprise.com/wp-content/uploads/2025/09/Fascial-Gun-4.jpg', 'https://rabeyaenterprise.com/wp-content/uploads/2025/09/Fascial-Gun-3.jpg', 'https://rabeyaenterprise.com/wp-content/uploads/2025/09/Fascial-Gun-2.jpg', 'https://rabeyaenterprise.com/wp-content/uploads/2025/09/Fascial-Gun-1.jpg', 'https://rabeyaenterprise.com/wp-content/uploads/2025/09/Fascial-Gun-5-150x150.jpg', 'https://rabeyaenterprise.com/wp-content/uploads/2025/09/Fascial-Gun-4-150x150.jpg', 'https://rabeyaenterprise.com/wp-content/uploads/2025/09/Fascial-Gun-3-150x150.jpg', 'https://rabeyaenterprise.com/wp-content/uploads/2025/09/Fascial-Gun-2-150x150.jpg', 'https://rabeyaenterprise.com/wp-content/uploads/2025/09/Fascial-Gun-1-150x150.jpg']",,,[],,False
strong-grill-hanger.html,Strong Grill Hanger,"['https://rabeyaenterprise.com/wp-content/uploads/2024/12/Strong-Grill-Hanger.jpg', 'https://rabeyaenterprise.com/wp-content/uploads/2025/10/Strong-Grill-Hanger.jpg', 'https://rabeyaenterprise.com/wp-content/uploads/2024/12/Strong-Grill-Hanger-1.jpg', 'https://rabeyaenterprise.com/wp-content/uploads/2024/12/Strong-Grill-Hanger01-1.jpg', 'https://rabeyaenterprise.com/wp-content/uploads/2024/12/Strong-Grill-Hanger-150x150.jpg', 'https://rabeyaenterprise.com/wp-content/uploads/2025/10/Strong-Grill-Hanger-150x150.jpg', 'https://rabeyaenterprise.com/wp-content/uploads/2024/12/Strong-Grill-Hanger-1-150x150.jpg', 'https://rabeyaenterprise.com/wp-content/uploads/2024/12/Strong-Grill-Hanger01-1-150x150.jpg']",,,[],,False
eelhoe-skin-wart-remover.html,SKIN WART REMOVER,"['https://rabeyaenterprise.com/wp-content/uploads/2023/09/SKIN-WART-REMOVER.jpg', 'https://rabeyaenterprise.com/wp-content/uploads/2023/09/SKIN-WART-REMOVER-4.jpg', 'https://rabeyaenterprise.com/wp-content/uploads/2023/09/SKIN-WART-REMOVER-3.jpg', 'https://rabeyaenterprise.com/wp-content/uploads/2023/09/SKIN-WART-REMOVER-2.jpg', 'https://rabeyaenterprise.com/wp-content/uploads/2023/09/SKIN-WART-REMOVER-150x150.jpg', 'https://rabeyaenterprise.com/wp-content/uploads/2023/09/SKIN-WART-REMOVER-4-150x150.jpg', 'https://rabeyaenterprise.com/wp-content/uploads/2023/09/SKIN-WART-REMOVER-3-150x150.jpg', 'https://rabeyaenterprise.com/wp-content/uploads/2023/09/SKIN-WART-REMOVER-2-150x150.jpg']",,,[],,False
tea-pot.html,TEA POT,"['https://rabeyaenterprise.com/wp-content/uploads/2023/10/TEA-POT.jpg', 'https://rabeyaenterprise.com/wp-content/uploads/2023/10/TEA-POT4.jpg', 'https://rabeyaenterprise.com/wp-content/uploads/2023/10/TEA-POT3.jpg', 'https://rabeyaenterprise.com/wp-content/uploads/2023/10/TEA-POT2.jpg', 'https://rabeyaenterprise.com/wp-content/uploads/2023/10/TEA-POT-150x150.jpg', 'https://rabeyaenterprise.com/wp-content/uploads/2023/10/TEA-POT4-150x150.jpg', 'https://rabeyaenterprise.com/wp-content/uploads/2023/10/TEA-POT3-150x150.jpg', 'https://rabeyaenterprise.com/wp-content/uploads/2023/10/TEA-POT2-150x150.jpg']",,,[],,False
air-cooler-race.html,Air Cooler Race(STOCK),"['https://rabeyaenterprise.com/wp-content/uploads/2021/08/Air-Cooler-Race2.jpg', 'https://rabeyaenterprise.com/wp-content/uploads/2021/08/Air-Cooler-Race.jpg', 'https://rabeyaenterprise.com/wp-content/uploads/2021/08/Air-Cooler-Race2-150x135.jpg', 'https://rabeyaenterprise.com/wp-content/uploads/2021/08/Air-Cooler-Race-150x163.jpg']",সারাদেশব্যপী হোলসেল প্রাইজ এ ডেলিভারি করে থাকি। সর্বনিম্ন অর্ডার ১ কার্টোন। পণ্যের মুল্যের সাথে ডেলিভারি চার্জ ও কুরিয়ার চার্জ যোগ হবে। 40% টাকা অগ্রিম দিতে হবে।,,[],,False
flawless-pedi.html,FLAWLESS PEDI ELECTRONIC PEDICURE TOOL,"['https://rabeyaenterprise.com/wp-content/uploads/2025/09/FLAWLESS-PEDI-2.jpg', 'https://rabeyaenterprise.com/wp-content/uploads/2025/09/FLAWLESS-PEDI-1.jpg', 'https://rabeyaenterprise.com/wp-content/uploads/2025/09/FLAWLESS-PEDI.jpg', 'https://rabeyaenterprise.com/wp-content/uploads/2025/09/FLAWLESS-PEDI-2-150x150.jpg', 'https://rabeyaenterprise.com/wp-content/uploads/2025/09/FLAWLESS-PEDI-1-150x150.jpg', 'https://rabeyaenterprise.com/wp-content/uploads/2025/09/FLAWLESS-PEDI-150x150.jpg']",,,[],,False
gas-stove-cover.html,Gas Stove Cover,"['https://rabeyaenterprise.com/wp-content/uploads/2023/01/Gas-Stove-Cover-F1.jpg', 'https://rabeyaenterprise.com/wp-content/uploads/2023/01/Gas-Stove-Cover-F4.jpg', 'https://rabeyaenterprise.com/wp-content/uploads/2023/01/Gas-Stove-Cover-F2.jpg', 'https://rabeyaenterprise.com/wp-content/uploads/2023/01/Gas-Stove-Cover-F1-150x150.jpg', 'https://rabeyaenterprise.com/wp-content/uploads/2023/01/Gas-Stove-Cover-F4-150x150.jpg', 'https://rabeyaenterprise.com/wp-content/uploads/2023/01/Gas-Stove-Cover-F2-150x150.jpg']",Energy Saving Gas Stove Cover Windproof Disk Windshield Bracket Universal Round 8 Holes,,[],,False
sweep-multi-functional-broom-machine.html,Sweep Multi-Functional Broom Machine,"['https://rabeyaenterprise.com/wp-content/uploads/2021/08/Sweep-Multi-Functional-Broom-Machine-F1.jpg', 'https://rabeyaenterprise.com/wp-content/uploads/2021/08/Sweep-Multi-Functional-Broom-Machine-F2.jpg', 'https://rabeyaenterprise.com/wp-content/uploads/2021/08/Sweep-Multi-Functional-Broom-Machine-F1-150x150.jpg', 'https://rabeyaenterprise.com/wp-content/uploads/2021/08/Sweep-Multi-Functional-Broom-Machine-F2-150x150.jpg']",সারাদেশব্যপী হোলসেল প্রাইজ এ ডেলিভারি করে থাকি। সর্বনিম্ন অর্ডার ১ কার্টোন। পণ্যের মুল্যের সাথে ডেলিভারি চার্জ ও কুরিয়ার চার্জ যোগ হবে। 40% টাকা অগ্রিম দিতে হবে।,,[],,False
electric-air-pump.html,Electric Air Pump,"['https://rabeyaenterprise.com/wp-content/uploads/2021/08/Electric-Air-Pump.jpg', 'https://rabeyaenterprise.com/wp-content/uploads/2021/08/Electric-Air-Pump2.jpg', 'https://rabeyaenterprise.com/wp-content/uploads/2021/08/Electric-Air-Pump-150x150.jpg', 'https://rabeyaenterprise.com/wp-content/uploads/2021/08/Electric-Air-Pump2-150x150.jpg']",সারাদেশব্যপী হোলসেল প্রাইজ এ ডেলিভারি করে থাকি। সর্বনিম্ন অর্ডার ১ কার্টোন। পণ্যের মুল্যের সাথে ডেলিভারি চার্জ ও কুরিয়ার চার্জ যোগ হবে। 40% টাকা অগ্রিম দিতে হবে।আপনার চাহিদা অনুযায়ী কাস্টম অর্ডার ও তৈরি করতে পারেন। কাস্টম অর্ডার তৈরি করতে “Custom Order” বাটনে ক্লিক করুন।,,[],,False
go-duster2pcs-hand-glove-package.html,GO DUSTER+2pcs HAND GLOVE Package,"['https://rabeyaenterprise.com/wp-content/uploads/2021/08/GO-DUSTER-FASHION-HAND-GLOVE-Package.jpg', 'https://rabeyaenterprise.com/wp-content/uploads/2021/08/GO-DUSTER2pcs-HAND-GLOVE-Package2.jpg', 'https://rabeyaenterprise.com/wp-content/uploads/2021/08/GO-DUSTER2pcs-HAND-GLOVE-Package.jpg', 'https://rabeyaenterprise.com/wp-content/uploads/2021/08/GO-DUSTER-FASHION-HAND-GLOVE-Package-150x84.jpg', 'https://rabeyaenterprise.com/wp-content/uploads/2021/08/GO-DUSTER2pcs-HAND-GLOVE-Package2-150x150.jpg', 'https://rabeyaenterprise.com/wp-content/uploads/2021/08/GO-DUSTER2pcs-HAND-GLOVE-Package-150x150.jpg']",,,[],,False
air-conditioner-deflector.html,Air Conditioner Deflector,"['https://rabeyaenterprise.com/wp-content/uploads/2023/06/Air-Conditioner-Deflector-1.jpg', 'https://rabeyaenterprise.com/wp-content/uploads/2023/06/Air-Conditioner-Deflector-1-150x150.jpg']",Adjustable Air Conditioning Wind Deflector Air Vent Deflector For Ac Window Unit No Installation Required Air Conditioner,,[],,False
bracelet-titanium-magnetic-double-row-4-element.html,Bracelet Titanium Magnetic Double Row 4 Element,"['https://rabeyaenterprise.com/wp-content/uploads/2023/01/Titanium-Magnetic-Bracelet-Double-Row-4-Element-F1.jpg', 'https://rabeyaenterprise.com/wp-content/uploads/2023/01/Titanium-Magnetic-Bracelet-Double-Row-4-Element-F2.jpg', 'https://rabeyaenterprise.com/wp-content/uploads/2023/01/Titanium-Magnetic-Bracelet-Double-Row-4-Element-F3.jpg', 'https://rabeyaenterprise.com/wp-content/uploads/2023/01/Titanium-Magnetic-Bracelet-Double-Row-4-Element-F1-150x150.jpg', 'https://rabeyaenterprise.com/wp-content/uploads/2023/01/Titanium-Magnetic-Bracelet-Double-Row-4-Element-F2-150x150.jpg', 'https://rabeyaenterprise.com/wp-content/uploads/2023/01/Titanium-Magnetic-Bracelet-Double-Row-4-Element-F3-150x150.jpg']",,,[],,False
foldable-laptop-table-cartoon-printed.html,Foldable laptop Table Cartoon Printed,"['https://rabeyaenterprise.com/wp-content/uploads/2022/04/Foldable-laptop-Table-Cartoon-Printed3.jpg', 'https://rabeyaenterprise.com/wp-content/uploads/2022/04/Foldable-laptop-Table-Cartoon-Printed2.jpg', 'https://rabeyaenterprise.com/wp-content/uploads/2022/04/Foldable-laptop-Table-Cartoon-Printed.jpg', 'https://rabeyaenterprise.com/wp-content/uploads/2022/04/Foldable-laptop-Table-Cartoon-Printed3-150x150.jpg', 'https://rabeyaenterprise.com/wp-content/uploads/2022/04/Foldable-laptop-Table-Cartoon-Printed2-150x150.jpg', 'https://rabeyaenterprise.com/wp-content/uploads/2022/04/Foldable-laptop-Table-Cartoon-Printed-150x150.jpg']",Cartoon/Printed Multi-Purpose Laptop Table Stand/Study Table/Bed Table/Foldable and Portable/Ergonomic & Rounded Edges,,[],,False
grinder-w8801-electric-grinding-machine.html,Grinder w8801 Electric Grinding Machine,"['https://rabeyaenterprise.com/wp-content/uploads/2021/10/Grinder-w8801-Electric-Grinding-Machine.jpg', 'https://rabeyaenterprise.com/wp-content/uploads/2021/10/Grinder-w8801-Electric-Grinding-Machine3.jpg', 'https://rabeyaenterprise.com/wp-content/uploads/2021/10/Grinder-w8801-Electric-Grinding-Machine2.jpg', 'https://rabeyaenterprise.com/wp-content/uploads/2021/10/Grinder-w8801-Electric-Grinding-Machine-150x150.jpg', 'https://rabeyaenterprise.com/wp-content/uploads/2021/10/Grinder-w8801-Electric-Grinding-Machine3-150x150.jpg', 'https://rabeyaenterprise.com/wp-content/uploads/2021/10/Grinder-w8801-Electric-Grinding-Machine2-150x150.jpg']","Flour Grinder Grain Coarse Cereals Hit Powder Machine Household Small Traditional Chinese Medicine Grinder Grinding DeviceElectric Coffee Grinder – Espresso Mill, Kitchen Salt Pepper Grinder Beans Spices Nuts Seed Coffee Grinding Crocus Machine,Purple",,[],,False
floating-pen_magical-water-painting-pen.html,White Board Marker,"['https://rabeyaenterprise.com/wp-content/uploads/2022/03/White-Board-Marker.jpg', 'https://rabeyaenterprise.com/wp-content/uploads/2022/03/White-Board-Marker-150x150.jpg']",Magical Water Painting Pen Magic Doodle Drawing Pens_Floating Pen,,[],,False
water-proof-dishwashing-gloves-one-pair.html,Water proof dishwashing gloves one pcs,"['https://rabeyaenterprise.com/wp-content/uploads/2024/11/51DzzdKSEL.jpg', 'https://rabeyaenterprise.com/wp-content/uploads/2024/11/41-ECjTlplL.jpg', 'https://rabeyaenterprise.com/wp-content/uploads/2024/11/41jzf-ARG9L.jpg', 'https://rabeyaenterprise.com/wp-content/uploads/2024/11/51r8DMY-I7L.jpg', 'https://rabeyaenterprise.com/wp-content/uploads/2024/11/51dnGrFZrdL.jpg', 'https://rabeyaenterprise.com/wp-content/uploads/2024/11/41wv-2KEwuL.jpg', 'https://rabeyaenterprise.com/wp-content/uploads/2024/11/51DzzdKSEL-150x118.jpg', 'https://rabeyaenterprise.com/wp-content/uploads/2024/11/41-ECjTlplL-150x150.jpg', 'https://rabeyaenterprise.com/wp-content/uploads/2024/11/41jzf-ARG9L-150x191.jpg', 'https://rabeyaenterprise.com/wp-content/uploads/2024/11/51r8DMY-I7L-150x176.jpg', 'https://rabeyaenterprise.com/wp-content/uploads/2024/11/51dnGrFZrdL-150x150.jpg', 'https://rabeyaenterprise.com/wp-content/uploads/2024/11/41wv-2KEwuL-150x150.jpg']",,,[],,False
portable-juicer-blender.html,PORTABLE JUICER BLENDER,"['https://rabeyaenterprise.com/wp-content/uploads/2024/03/PORTABLE-JUICER-BLENDER-2.jpeg', 'https://rabeyaenterprise.com/wp-content/uploads/2024/03/PORTABLE-JUICER-BLENDER-4.jpeg', 'https://rabeyaenterprise.com/wp-content/uploads/2024/03/PORTABLE-JUICER-BLENDER-3.jpeg', 'https://rabeyaenterprise.com/wp-content/uploads/2024/03/PORTABLE-JUICER-BLENDER-1.jpeg', 'https://rabeyaenterprise.com/wp-content/uploads/2024/03/PORTABLE-JUICER-BLENDER-2-150x150.jpeg', 'https://rabeyaenterprise.com/wp-content/uploads/2024/03/PORTABLE-JUICER-BLENDER-4-150x150.jpeg', 'https://rabeyaenterprise.com/wp-content/uploads/2024/03/PORTABLE-JUICER-BLENDER-3-150x152.jpeg', 'https://rabeyaenterprise.com/wp-content/uploads/2024/03/PORTABLE-JUICER-BLENDER-1-150x148.jpeg']",,,[],,False
foldable-earring-nekles-holder.html,FOLDABLE EARRING NEKLES HOLDER,"['https://rabeyaenterprise.com/wp-content/uploads/2023/10/FOLDABLE-EARRING-NEKLES-HOLDER.jpg', 'https://rabeyaenterprise.com/wp-content/uploads/2023/10/FOLDABLE-EARRING-NEKLES-HOLDER3.jpg', 'https://rabeyaenterprise.com/wp-content/uploads/2023/10/FOLDABLE-EARRING-NEKLES-HOLDER2.jpg', 'https://rabeyaenterprise.com/wp-content/uploads/2023/10/FOLDABLE-EARRING-NEKLES-HOLDER-150x150.jpg', 'https://rabeyaenterprise.com/wp-content/uploads/2023/10/FOLDABLE-EARRING-NEKLES-HOLDER3-150x150.jpg', 'https://rabeyaenterprise.com/wp-content/uploads/2023/10/FOLDABLE-EARRING-NEKLES-HOLDER2-150x150.jpg']",,,[],,False
eelhoe-turmeric-oil.html,EELHOE TURMERIC OIL,"['https://rabeyaenterprise.com/wp-content/uploads/2023/10/EELHOE-TURMERIC-OIL.jpg', 'https://rabeyaenterprise.com/wp-content/uploads/2023/10/EELHOE-TURMERIC-OIL6.jpg', 'https://rabeyaenterprise.com/wp-content/uploads/2023/10/EELHOE-TURMERIC-OIL5.jpg', 'https://rabeyaenterprise.com/wp-content/uploads/2023/10/EELHOE-TURMERIC-OIL4.jpg', 'https://rabeyaenterprise.com/wp-content/uploads/2023/10/EELHOE-TURMERIC-OIL3.jpg', 'https://rabeyaenterprise.com/wp-content/uploads/2023/10/EELHOE-TURMERIC-OIL2.jpg', 'https://rabeyaenterprise.com/wp-content/uploads/2023/10/EELHOE-TURMERIC-OIL-150x150.jpg', 'https://rabeyaenterprise.com/wp-content/uploads/2023/10/EELHOE-TURMERIC-OIL6-150x150.jpg', 'https://rabeyaenterprise.com/wp-content/uploads/2023/10/EELHOE-TURMERIC-OIL5-150x150.jpg', 'https://rabeyaenterprise.com/wp-content/uploads/2023/10/EELHOE-TURMERIC-OIL4-150x150.jpg', 'https://rabeyaenterprise.com/wp-content/uploads/2023/10/EELHOE-TURMERIC-OIL3-150x150.jpg', 'https://rabeyaenterprise.com/wp-content/uploads/2023/10/EELHOE-TURMERIC-OIL2-150x150.jpg']",,,[],,False
round-green-white-locket.html,ROUND GREEN WHITE LOCKET,"['https://rabeyaenterprise.com/wp-content/uploads/2023/10/ROUND-GREEN-WHITE-LOCKET.jpg', 'https://rabeyaenterprise.com/wp-content/uploads/2023/10/ROUND-GREEN-WHITE-LOCKET4.jpg', 'https://rabeyaenterprise.com/wp-content/uploads/2023/10/ROUND-GREEN-WHITE-LOCKET3.jpg', 'https://rabeyaenterprise.com/wp-content/uploads/2023/10/ROUND-GREEN-WHITE-LOCKET2.jpg', 'https://rabeyaenterprise.com/wp-content/uploads/2023/10/ROUND-GREEN-WHITE-LOCKET-150x150.jpg', 'https://rabeyaenterprise.com/wp-content/uploads/2023/10/ROUND-GREEN-WHITE-LOCKET4-150x150.jpg', 'https://rabeyaenterprise.com/wp-content/uploads/2023/10/ROUND-GREEN-WHITE-LOCKET3-150x150.jpg', 'https://rabeyaenterprise.com/wp-content/uploads/2023/10/ROUND-GREEN-WHITE-LOCKET2-150x150.jpg']",,,[],,False
ice-crusher.html,Ice Crusher,"['https://rabeyaenterprise.com/wp-content/uploads/2021/10/Ice-Crusher.jpg', 'https://rabeyaenterprise.com/wp-content/uploads/2021/10/Ice-Crusher3.jpg', 'https://rabeyaenterprise.com/wp-content/uploads/2021/10/Ice-Crusher2.jpg', 'https://rabeyaenterprise.com/wp-content/uploads/2021/10/Ice-Crusher-150x150.jpg', 'https://rabeyaenterprise.com/wp-content/uploads/2021/10/Ice-Crusher3-150x150.jpg', 'https://rabeyaenterprise.com/wp-content/uploads/2021/10/Ice-Crusher2-150x150.jpg']",Portable Household Ice Shaver Mini Snow Home Hand Ice Crusher Machine,,[],,False
love-baby-musical-bouncer.html,Love Baby Musical Bouncer,"['https://rabeyaenterprise.com/wp-content/uploads/2024/08/love-baby-musicl-bouncer-1.jpg', 'https://rabeyaenterprise.com/wp-content/uploads/2024/08/Love-Baby-Musical-Bouncer-2.jpeg', 'https://rabeyaenterprise.com/wp-content/uploads/2025/10/Love-Baby-Musical-Bouncer.jpg', 'https://rabeyaenterprise.com/wp-content/uploads/2024/08/Love-Baby-Musical-Bouncer-3.jpeg', 'https://rabeyaenterprise.com/wp-content/uploads/2024/08/love-baby-musicl-bouncer-3.jpg.jpg', 'https://rabeyaenterprise.com/wp-content/uploads/2024/08/Love-Baby-Musical-Bouncer-1.jpeg', 'https://rabeyaenterprise.com/wp-content/uploads/2024/08/love-baby-musicl-bouncer-4.jpg.jpg', 'https://rabeyaenterprise.com/wp-content/uploads/2024/08/Love-Baby-Musical-Bouncer-4.jpeg', 'https://rabeyaenterprise.com/wp-content/uploads/2024/08/Love-Baby-Musical-Bouncer-5.jpeg', 'https://rabeyaenterprise.com/wp-content/uploads/2024/08/love-baby-musicl-bouncer-1-150x150.jpg', 'https://rabeyaenterprise.com/wp-content/uploads/2024/08/Love-Baby-Musical-Bouncer-2-150x150.jpeg', 'https://rabeyaenterprise.com/wp-content/uploads/2025/10/Love-Baby-Musical-Bouncer-150x150.jpg', 'https://rabeyaenterprise.com/wp-content/uploads/2024/08/Love-Baby-Musical-Bouncer-3-150x150.jpeg', 'https://rabeyaenterprise.com/wp-content/uploads/2024/08/love-baby-musicl-bouncer-3.jpg-150x150.jpg', 'https://rabeyaenterprise.com/wp-content/uploads/2024/08/Love-Baby-Musical-Bouncer-1-150x150.jpeg', 'https://rabeyaenterprise.com/wp-content/uploads/2024/08/love-baby-musicl-bouncer-4.jpg-150x150.jpg', 'https://rabeyaenterprise.com/wp-content/uploads/2024/08/Love-Baby-Musical-Bouncer-4-150x150.jpeg', 'https://rabeyaenterprise.com/wp-content/uploads/2024/08/Love-Baby-Musical-Bouncer-5-150x150.jpeg']",Love Baby Musical BouncerColour : Red. Pink. Gray,,['Moms & Kids'],,False
whitening-freckle-cream.html,WHITENING FRECKLE CREAM,"['https://rabeyaenterprise.com/wp-content/uploads/2023/09/WHITENING-FRECKLE-CREAM.jpg', 'https://rabeyaenterprise.com/wp-content/uploads/2023/09/WHITENING-FRECKLE-CREAM-7.jpg', 'https://rabeyaenterprise.com/wp-content/uploads/2023/09/WHITENING-FRECKLE-CREAM-6.jpg', 'https://rabeyaenterprise.com/wp-content/uploads/2023/09/WHITENING-FRECKLE-CREAM-5.jpg', 'https://rabeyaenterprise.com/wp-content/uploads/2023/09/WHITENING-FRECKLE-CREAM-4.jpg', 'https://rabeyaenterprise.com/wp-content/uploads/2023/09/WHITENING-FRECKLE-CREAM-3.jpg', 'https://rabeyaenterprise.com/wp-content/uploads/2023/09/WHITENING-FRECKLE-CREAM-2.jpg', 'https://rabeyaenterprise.com/wp-content/uploads/2023/09/WHITENING-FRECKLE-CREAM-150x150.jpg', 'https://rabeyaenterprise.com/wp-content/uploads/2023/09/WHITENING-FRECKLE-CREAM-7-150x150.jpg', 'https://rabeyaenterprise.com/wp-content/uploads/2023/09/WHITENING-FRECKLE-CREAM-6-150x150.jpg', 'https://rabeyaenterprise.com/wp-content/uploads/2023/09/WHITENING-FRECKLE-CREAM-5-150x150.jpg', 'https://rabeyaenterprise.com/wp-content/uploads/2023/09/WHITENING-FRECKLE-CREAM-4-150x150.jpg', 'https://rabeyaenterprise.com/wp-content/uploads/2023/09/WHITENING-FRECKLE-CREAM-3-150x150.jpg', 'https://rabeyaenterprise.com/wp-content/uploads/2023/09/WHITENING-FRECKLE-CREAM-2-150x150.jpg']",,,[],,False
room-heater-2.html,Room Heater Table Top,"['https://rabeyaenterprise.com/wp-content/uploads/2023/10/Room-Heater-Table-Top.jpg', 'https://rabeyaenterprise.com/wp-content/uploads/2023/10/Room-Heater-Table-Top8.jpg', 'https://rabeyaenterprise.com/wp-content/uploads/2023/10/Room-Heater-Table-Top7.jpg', 'https://rabeyaenterprise.com/wp-content/uploads/2023/10/Room-Heater-Table-Top6.jpg', 'https://rabeyaenterprise.com/wp-content/uploads/2023/10/Room-Heater-Table-Top5.jpg', 'https://rabeyaenterprise.com/wp-content/uploads/2023/10/Room-Heater-Table-Top4.jpg', 'https://rabeyaenterprise.com/wp-content/uploads/2023/10/Room-Heater-Table-Top3.jpg', 'https://rabeyaenterprise.com/wp-content/uploads/2023/10/Room-Heater-Table-Top2.jpg', 'https://rabeyaenterprise.com/wp-content/uploads/2023/10/Room-Heater-Table-Top-150x150.jpg', 'https://rabeyaenterprise.com/wp-content/uploads/2023/10/Room-Heater-Table-Top8-150x150.jpg', 'https://rabeyaenterprise.com/wp-content/uploads/2023/10/Room-Heater-Table-Top7-150x150.jpg', 'https://rabeyaenterprise.com/wp-content/uploads/2023/10/Room-Heater-Table-Top6-150x150.jpg', 'https://rabeyaenterprise.com/wp-content/uploads/2023/10/Room-Heater-Table-Top5-150x150.jpg', 'https://rabeyaenterprise.com/wp-content/uploads/2023/10/Room-Heater-Table-Top4-150x150.jpg', 'https://rabeyaenterprise.com/wp-content/uploads/2023/10/Room-Heater-Table-Top3-150x150.jpg', 'https://rabeyaenterprise.com/wp-content/uploads/2023/10/Room-Heater-Table-Top2-150x150.jpg']",,,[],,False
rechargeable-zoom-led-flashlight-usb-torch-light-with-battery.html,Rechargeable Zoom LED Flashlight USB Torch Light – With Battery,"['https://rabeyaenterprise.com/wp-content/uploads/2024/10/Rechargeable-Zoom-LED-Flashlight-USB-Torch-Light.jpg', 'https://rabeyaenterprise.com/wp-content/uploads/2024/10/Rechargeable-Zoom-LED-Flashlight-USB-Torch-Light.jpeg', 'https://rabeyaenterprise.com/wp-content/uploads/2024/10/Rechargeable-Zoom-LED-Flashlight-USB-Torch-Light1.jpg', 'https://rabeyaenterprise.com/wp-content/uploads/2024/10/Rechargeable-Zoom-LED-Flashlight-USB-Torch-Light-150x150.jpg', 'https://rabeyaenterprise.com/wp-content/uploads/2024/10/Rechargeable-Zoom-LED-Flashlight-USB-Torch-Light-150x150.jpeg', 'https://rabeyaenterprise.com/wp-content/uploads/2024/10/Rechargeable-Zoom-LED-Flashlight-USB-Torch-Light1-150x140.jpg']",,,[],,False
vitamin-c-brightening-eye-serum.html,Vitamin C Brightening Eye Serum,"['https://rabeyaenterprise.com/wp-content/uploads/2022/11/Vitamin-C-Brightening-Eye-Serum-F4.jpg', 'https://rabeyaenterprise.com/wp-content/uploads/2022/11/Vitamin-C-Brightening-Eye-Serum-F5.jpg', 'https://rabeyaenterprise.com/wp-content/uploads/2022/11/Vitamin-C-Brightening-Eye-Serum-F2.jpg', 'https://rabeyaenterprise.com/wp-content/uploads/2022/11/Vitamin-C-Brightening-Eye-Serum-F1.jpg', 'https://rabeyaenterprise.com/wp-content/uploads/2022/11/Vitamin-C-Brightening-Eye-Serum-F3.jpg', 'https://rabeyaenterprise.com/wp-content/uploads/2022/11/Vitamin-C-Brightening-Eye-Serum-F4-150x150.jpg', 'https://rabeyaenterprise.com/wp-content/uploads/2022/11/Vitamin-C-Brightening-Eye-Serum-F5-150x150.jpg', 'https://rabeyaenterprise.com/wp-content/uploads/2022/11/Vitamin-C-Brightening-Eye-Serum-F2-150x150.jpg', 'https://rabeyaenterprise.com/wp-content/uploads/2022/11/Vitamin-C-Brightening-Eye-Serum-F1-150x150.jpg', 'https://rabeyaenterprise.com/wp-content/uploads/2022/11/Vitamin-C-Brightening-Eye-Serum-F3-150x150.jpg']",Vitamin C Eye Cream Whitening Dark Circles Removal Fade Eye Bags Firm Anti Wrinkle Eye Serum Moisturizing Eye Cream Eye,,[],,False
baby-ear-wax-cleaning-tools-set.html,BABY EAR WAX CLEANING TOOLS SET(FRESH BOX),"['https://rabeyaenterprise.com/wp-content/uploads/2024/06/BABY-EAR-WAX-CLEANING-TOOLS-SET-1.jpg', 'https://rabeyaenterprise.com/wp-content/uploads/2024/06/BABY-EAR-WAX-CLEANING-TOOLS-SET-6.jpg', 'https://rabeyaenterprise.com/wp-content/uploads/2024/06/BABY-EAR-WAX-CLEANING-TOOLS-SET-5.jpg', 'https://rabeyaenterprise.com/wp-content/uploads/2024/06/BABY-EAR-WAX-CLEANING-TOOLS-SET-4.jpg', 'https://rabeyaenterprise.com/wp-content/uploads/2024/06/BABY-EAR-WAX-CLEANING-TOOLS-SET-3.jpg', 'https://rabeyaenterprise.com/wp-content/uploads/2024/06/BABY-EAR-WAX-CLEANING-TOOLS-SET-2.jpg', 'https://rabeyaenterprise.com/wp-content/uploads/2024/06/BABY-EAR-WAX-CLEANING-TOOLS-SET-1-150x150.jpg', 'https://rabeyaenterprise.com/wp-content/uploads/2024/06/BABY-EAR-WAX-CLEANING-TOOLS-SET-6-150x193.jpg', 'https://rabeyaenterprise.com/wp-content/uploads/2024/06/BABY-EAR-WAX-CLEANING-TOOLS-SET-5-150x230.jpg', 'https://rabeyaenterprise.com/wp-content/uploads/2024/06/BABY-EAR-WAX-CLEANING-TOOLS-SET-4-150x150.jpg', 'https://rabeyaenterprise.com/wp-content/uploads/2024/06/BABY-EAR-WAX-CLEANING-TOOLS-SET-3-150x214.jpg', 'https://rabeyaenterprise.com/wp-content/uploads/2024/06/BABY-EAR-WAX-CLEANING-TOOLS-SET-2-150x150.jpg']",,,[],,False
portable-namaz-prayer-stool.html,Namaz Prayer Stool,"['https://rabeyaenterprise.com/wp-content/uploads/2025/07/namaz-prayer-stool.jpg', 'https://rabeyaenterprise.com/wp-content/uploads/2025/10/Namaz-Prayer-Tool.jpg', 'https://rabeyaenterprise.com/wp-content/uploads/2025/07/Portable-Namaz-Prayer-Stool.jpg', 'https://rabeyaenterprise.com/wp-content/uploads/2025/07/Portable-Namaz-Prayer-Stool২.jpg', 'https://rabeyaenterprise.com/wp-content/uploads/2025/07/Portable-Namaz-Prayer-Stool3.jpg', 'https://rabeyaenterprise.com/wp-content/uploads/2025/07/Portable-Namaz-Prayer-Stool4.jpg', 'https://rabeyaenterprise.com/wp-content/uploads/2025/07/Portable-Namaz-Prayer-Stool6.jpg', 'https://rabeyaenterprise.com/wp-content/uploads/2025/07/namaz-prayer-stool-150x150.jpg', 'https://rabeyaenterprise.com/wp-content/uploads/2025/10/Namaz-Prayer-Tool-150x150.jpg', 'https://rabeyaenterprise.com/wp-content/uploads/2025/07/Portable-Namaz-Prayer-Stool-150x150.jpg', 'https://rabeyaenterprise.com/wp-content/uploads/2025/07/Portable-Namaz-Prayer-Stool২-150x150.jpg', 'https://rabeyaenterprise.com/wp-content/uploads/2025/07/Portable-Namaz-Prayer-Stool3-150x150.jpg', 'https://rabeyaenterprise.com/wp-content/uploads/2025/07/Portable-Namaz-Prayer-Stool4-150x150.jpg', 'https://rabeyaenterprise.com/wp-content/uploads/2025/07/Portable-Namaz-Prayer-Stool6-150x150.jpg']","✅ Foldable design for easy storage and travel✅ 5 colorful hangers in one set✅ Lightweight, durable, and multipurpose✅ Perfect for home, hostel, or travel use✅ Easy to hang and use anywhere",,[],,False
intelligent-hula-hoop.html,Intelligent Hula Hoop,['https://rabeyaenterprise.com/wp-content/uploads/2022/08/Intelligent-Hula-Hoop.jpg'],,,[],,False
carpet-set-kitchen-rugs-decoration-2-pcs-set-new-code-1523.html,Carpet Set Kitchen Rugs Decoration (2 pcs Set new) Code: 1523,"['https://rabeyaenterprise.com/wp-content/uploads/2023/09/Carpet-Set-Kitchen-Rugs-Decoration-2-pcs-Set-new.jpg', 'https://rabeyaenterprise.com/wp-content/uploads/2023/09/Carpet-Set-Kitchen-Rugs-Decoration-2-pcs-Set-new4.jpg', 'https://rabeyaenterprise.com/wp-content/uploads/2023/09/Carpet-Set-Kitchen-Rugs-Decoration-2-pcs-Set-new3.jpg', 'https://rabeyaenterprise.com/wp-content/uploads/2023/09/Carpet-Set-Kitchen-Rugs-Decoration-2-pcs-Set-new2.jpg', 'https://rabeyaenterprise.com/wp-content/uploads/2023/09/Carpet-Set-Kitchen-Rugs-Decoration-2-pcs-Set-new-150x150.jpg', 'https://rabeyaenterprise.com/wp-content/uploads/2023/09/Carpet-Set-Kitchen-Rugs-Decoration-2-pcs-Set-new4-150x150.jpg', 'https://rabeyaenterprise.com/wp-content/uploads/2023/09/Carpet-Set-Kitchen-Rugs-Decoration-2-pcs-Set-new3-150x150.jpg', 'https://rabeyaenterprise.com/wp-content/uploads/2023/09/Carpet-Set-Kitchen-Rugs-Decoration-2-pcs-Set-new2-150x150.jpg']",,,[],,False
4-layer-round-shape-kitchen-rack.html,4 Layer Round Shape Kitchen Rack,"['https://rabeyaenterprise.com/wp-content/uploads/2024/02/4-layer-round-kitchen-rack.jpg', 'https://rabeyaenterprise.com/wp-content/uploads/2024/02/4-layer-squre-kitchen-rack-2.jpg', 'https://rabeyaenterprise.com/wp-content/uploads/2024/02/4-Layer-Round-Shape-Kitchen-Rack.jpg', 'https://rabeyaenterprise.com/wp-content/uploads/2023/11/5-Layer-Round-Shape-Kitchen-Rack04.jpg', 'https://rabeyaenterprise.com/wp-content/uploads/2023/11/5-Layer-Round-Shape-Kitchen-Rack.jpg', 'https://rabeyaenterprise.com/wp-content/uploads/2024/02/4-layer-round-kitchen-rack-150x150.jpg', 'https://rabeyaenterprise.com/wp-content/uploads/2024/02/4-layer-squre-kitchen-rack-2-150x150.jpg', 'https://rabeyaenterprise.com/wp-content/uploads/2024/02/4-Layer-Round-Shape-Kitchen-Rack-150x150.jpg', 'https://rabeyaenterprise.com/wp-content/uploads/2023/11/5-Layer-Round-Shape-Kitchen-Rack04-150x150.jpg', 'https://rabeyaenterprise.com/wp-content/uploads/2023/11/5-Layer-Round-Shape-Kitchen-Rack-150x150.jpg']",,,[],,False
carpet-set-kitchen-rugs-decoration-2-pcs-set-code-1347.html,Carpet Set Kitchen Rugs Decoration ( 2 pcs Set ) Code: 1347,"['https://rabeyaenterprise.com/wp-content/uploads/2023/09/Carpet-Set-Kitchen-Rugs-Decoration-2-pcs-Set-.jpg', 'https://rabeyaenterprise.com/wp-content/uploads/2023/09/Carpet-Set-Kitchen-Rugs-Decoration-2-pcs-Set-8.jpg', 'https://rabeyaenterprise.com/wp-content/uploads/2023/09/Carpet-Set-Kitchen-Rugs-Decoration-2-pcs-Set-7.jpg', 'https://rabeyaenterprise.com/wp-content/uploads/2023/09/Carpet-Set-Kitchen-Rugs-Decoration-2-pcs-Set-6.jpg', 'https://rabeyaenterprise.com/wp-content/uploads/2023/09/Carpet-Set-Kitchen-Rugs-Decoration-2-pcs-Set-5.jpg', 'https://rabeyaenterprise.com/wp-content/uploads/2023/09/Carpet-Set-Kitchen-Rugs-Decoration-2-pcs-Set-4.jpg', 'https://rabeyaenterprise.com/wp-content/uploads/2023/09/Carpet-Set-Kitchen-Rugs-Decoration-2-pcs-Set-3.jpg', 'https://rabeyaenterprise.com/wp-content/uploads/2023/09/Carpet-Set-Kitchen-Rugs-Decoration-2-pcs-Set-2.jpg', 'https://rabeyaenterprise.com/wp-content/uploads/2023/09/Carpet-Set-Kitchen-Rugs-Decoration-2-pcs-Set--150x150.jpg', 'https://rabeyaenterprise.com/wp-content/uploads/2023/09/Carpet-Set-Kitchen-Rugs-Decoration-2-pcs-Set-8-150x150.jpg', 'https://rabeyaenterprise.com/wp-content/uploads/2023/09/Carpet-Set-Kitchen-Rugs-Decoration-2-pcs-Set-7-150x150.jpg', 'https://rabeyaenterprise.com/wp-content/uploads/2023/09/Carpet-Set-Kitchen-Rugs-Decoration-2-pcs-Set-6-150x150.jpg', 'https://rabeyaenterprise.com/wp-content/uploads/2023/09/Carpet-Set-Kitchen-Rugs-Decoration-2-pcs-Set-5-150x150.jpg', 'https://rabeyaenterprise.com/wp-content/uploads/2023/09/Carpet-Set-Kitchen-Rugs-Decoration-2-pcs-Set-4-150x150.jpg', 'https://rabeyaenterprise.com/wp-content/uploads/2023/09/Carpet-Set-Kitchen-Rugs-Decoration-2-pcs-Set-3-150x150.jpg', 'https://rabeyaenterprise.com/wp-content/uploads/2023/09/Carpet-Set-Kitchen-Rugs-Decoration-2-pcs-Set-2-150x150.jpg']",,,[],,False
new-foldable-portable-electric-kettle.html,Cecon Collapsible Kettle,"['https://rabeyaenterprise.com/wp-content/uploads/2024/10/Cecon-Collapsible-Kettle8.jpg', 'https://rabeyaenterprise.com/wp-content/uploads/2024/10/Cecon-Collapsible-Kettle5.jpg', 'https://rabeyaenterprise.com/wp-content/uploads/2024/10/Cecon-Collapsible-Kettle7.jpg', 'https://rabeyaenterprise.com/wp-content/uploads/2024/10/Cecon-Collapsible-Kettle6.jpg', 'https://rabeyaenterprise.com/wp-content/uploads/2024/10/Cecon-Collapsible-Kettle.jpg', 'https://rabeyaenterprise.com/wp-content/uploads/2024/10/Cecon-Collapsible-Kettle4.jpg', 'https://rabeyaenterprise.com/wp-content/uploads/2024/10/Cecon-Collapsible-Kettle3.jpg', 'https://rabeyaenterprise.com/wp-content/uploads/2024/10/Cecon-Collapsible-Kettle2.jpg', 'https://rabeyaenterprise.com/wp-content/uploads/2024/10/Cecon-Collapsible-Kettle8-150x150.jpg', 'https://rabeyaenterprise.com/wp-content/uploads/2024/10/Cecon-Collapsible-Kettle5-150x150.jpg', 'https://rabeyaenterprise.com/wp-content/uploads/2024/10/Cecon-Collapsible-Kettle7-150x150.jpg', 'https://rabeyaenterprise.com/wp-content/uploads/2024/10/Cecon-Collapsible-Kettle6-150x150.jpg', 'https://rabeyaenterprise.com/wp-content/uploads/2024/10/Cecon-Collapsible-Kettle-150x150.jpg', 'https://rabeyaenterprise.com/wp-content/uploads/2024/10/Cecon-Collapsible-Kettle4-150x150.jpg', 'https://rabeyaenterprise.com/wp-content/uploads/2024/10/Cecon-Collapsible-Kettle3-150x150.jpg', 'https://rabeyaenterprise.com/wp-content/uploads/2024/10/Cecon-Collapsible-Kettle2-150x150.jpg']",,,[],,False
orange-magic-sponge-eraser.html,Orange Magic Sponge Eraser,"['https://rabeyaenterprise.com/wp-content/uploads/2024/12/Orange-Magic-Sponge-Eraser6.jpg', 'https://rabeyaenterprise.com/wp-content/uploads/2024/12/Orange-Magic-Sponge-Eraser7.jpg', 'https://rabeyaenterprise.com/wp-content/uploads/2024/12/Orange-Magic-Sponge-Eraser5.jpg', 'https://rabeyaenterprise.com/wp-content/uploads/2024/12/Orange-Magic-Sponge-Eraser4.jpg', 'https://rabeyaenterprise.com/wp-content/uploads/2024/12/Orange-Magic-Sponge-Eraser3.jpg', 'https://rabeyaenterprise.com/wp-content/uploads/2024/12/Orange-Magic-Sponge-Eraser2.jpg', 'https://rabeyaenterprise.com/wp-content/uploads/2024/12/Orange-Magic-Sponge-Eraser.jpg', 'https://rabeyaenterprise.com/wp-content/uploads/2024/12/Orange-Magic-Sponge-Eraser6-150x150.jpg', 'https://rabeyaenterprise.com/wp-content/uploads/2024/12/Orange-Magic-Sponge-Eraser7-150x150.jpg', 'https://rabeyaenterprise.com/wp-content/uploads/2024/12/Orange-Magic-Sponge-Eraser5-150x150.jpg', 'https://rabeyaenterprise.com/wp-content/uploads/2024/12/Orange-Magic-Sponge-Eraser4-150x150.jpg', 'https://rabeyaenterprise.com/wp-content/uploads/2024/12/Orange-Magic-Sponge-Eraser3-150x150.jpg', 'https://rabeyaenterprise.com/wp-content/uploads/2024/12/Orange-Magic-Sponge-Eraser2-150x150.jpg', 'https://rabeyaenterprise.com/wp-content/uploads/2024/12/Orange-Magic-Sponge-Eraser-150x150.jpg']",,,[],,False
moon-locket-necklace-i-love-you-100-languages.html,Moon Locket Necklace I love you 100 languages,"['https://rabeyaenterprise.com/wp-content/uploads/2022/07/Moon-Locket-Necklace-I-love-you-100-languages-F3.jpg', 'https://rabeyaenterprise.com/wp-content/uploads/2022/07/Moon-Locket-Necklace-I-love-you-100-languages-F1.jpg', 'https://rabeyaenterprise.com/wp-content/uploads/2022/07/Moon-Locket-Necklace-I-love-you-100-languages-F2.jpg', 'https://rabeyaenterprise.com/wp-content/uploads/2022/07/Moon-Locket-Necklace-I-love-you-100-languages-F3-150x150.jpg', 'https://rabeyaenterprise.com/wp-content/uploads/2022/07/Moon-Locket-Necklace-I-love-you-100-languages-F1-150x150.jpg', 'https://rabeyaenterprise.com/wp-content/uploads/2022/07/Moon-Locket-Necklace-I-love-you-100-languages-F2-150x150.jpg']",Romantic 100 Languages I Love You Projection Necklace Moon Stainless Steel Women Pendant Necklace Fashion Jewelry,,[],,False
wireless-vacuum-cleaner-2-in-1.html,VACUAM CLEANER 2IN1,"['https://rabeyaenterprise.com/wp-content/uploads/2023/11/VACUAM-CLEANER-2IN1.jpg', 'https://rabeyaenterprise.com/wp-content/uploads/2023/11/VACUAM-CLEANER-2IN1-5.jpg', 'https://rabeyaenterprise.com/wp-content/uploads/2023/11/VACUAM-CLEANER-2IN1-4.jpg', 'https://rabeyaenterprise.com/wp-content/uploads/2023/11/VACUAM-CLEANER-2IN1-3.jpg', 'https://rabeyaenterprise.com/wp-content/uploads/2023/11/VACUAM-CLEANER-2IN1-2.jpg', 'https://rabeyaenterprise.com/wp-content/uploads/2023/11/VACUAM-CLEANER-2IN1-150x150.jpg', 'https://rabeyaenterprise.com/wp-content/uploads/2023/11/VACUAM-CLEANER-2IN1-5-150x150.jpg', 'https://rabeyaenterprise.com/wp-content/uploads/2023/11/VACUAM-CLEANER-2IN1-4-150x150.jpg', 'https://rabeyaenterprise.com/wp-content/uploads/2023/11/VACUAM-CLEANER-2IN1-3-150x150.jpg', 'https://rabeyaenterprise.com/wp-content/uploads/2023/11/VACUAM-CLEANER-2IN1-2-150x150.jpg']",,,[],,False
over-the-door-19-hook-hanger.html,Over The Door 19-Hook Hanger,"['https://rabeyaenterprise.com/wp-content/uploads/2024/12/Over-The-Door-19-Hook-Hanger-2.jpg', 'https://rabeyaenterprise.com/wp-content/uploads/2024/12/Over-The-Door-19-Hook-Hanger-1.jpg', 'https://rabeyaenterprise.com/wp-content/uploads/2024/12/Over-The-Door-19-Hook-Hanger-3.jpg', 'https://rabeyaenterprise.com/wp-content/uploads/2024/12/Over-The-Door-19-Hook-Hanger-4.jpg', 'https://rabeyaenterprise.com/wp-content/uploads/2024/12/Over-The-Door-19-Hook-Hanger-2-150x150.jpg', 'https://rabeyaenterprise.com/wp-content/uploads/2024/12/Over-The-Door-19-Hook-Hanger-1-150x150.jpg', 'https://rabeyaenterprise.com/wp-content/uploads/2024/12/Over-The-Door-19-Hook-Hanger-3-150x150.jpg', 'https://rabeyaenterprise.com/wp-content/uploads/2024/12/Over-The-Door-19-Hook-Hanger-4-150x150.jpg']",,,[],,False
smart-light-sound-machine.html,Smart Light Sound Machine,"['https://rabeyaenterprise.com/wp-content/uploads/2023/10/Smart-Light-Sound-Machine2.webp', 'https://rabeyaenterprise.com/wp-content/uploads/2023/10/Smart-Light-Sound-Machine.jpg', 'https://rabeyaenterprise.com/wp-content/uploads/2023/10/Smart-Light-Sound-Machine2-150x150.webp', 'https://rabeyaenterprise.com/wp-content/uploads/2023/10/Smart-Light-Sound-Machine-150x150.jpg']",,,[],,False
food-grinder-925.html,Food Grinder-925,"['https://rabeyaenterprise.com/wp-content/uploads/2025/11/Food-Grinder-925-2.jpg', 'https://rabeyaenterprise.com/wp-content/uploads/2025/11/Food-Grinder-925-03.jpg', 'https://rabeyaenterprise.com/wp-content/uploads/2025/11/Food-Grinder-925-07.jpg', 'https://rabeyaenterprise.com/wp-content/uploads/2025/11/Food-Grinder-925-01.jpg', 'https://rabeyaenterprise.com/wp-content/uploads/2025/11/Food-Grinder-925-05.jpg', 'https://rabeyaenterprise.com/wp-content/uploads/2025/11/Food-Grinder-925-04.jpg', 'https://rabeyaenterprise.com/wp-content/uploads/2025/11/Food-Grinder-925-02.jpg', 'https://rabeyaenterprise.com/wp-content/uploads/2025/11/Food-Grinder-925.jpg', 'https://rabeyaenterprise.com/wp-content/uploads/2025/11/Food-Grinder-925-2-150x150.jpg', 'https://rabeyaenterprise.com/wp-content/uploads/2025/11/Food-Grinder-925-03-150x150.jpg', 'https://rabeyaenterprise.com/wp-content/uploads/2025/11/Food-Grinder-925-07-150x150.jpg', 'https://rabeyaenterprise.com/wp-content/uploads/2025/11/Food-Grinder-925-01-150x150.jpg', 'https://rabeyaenterprise.com/wp-content/uploads/2025/11/Food-Grinder-925-05-150x150.jpg', 'https://rabeyaenterprise.com/wp-content/uploads/2025/11/Food-Grinder-925-04-150x150.jpg', 'https://rabeyaenterprise.com/wp-content/uploads/2025/11/Food-Grinder-925-02-150x150.jpg', 'https://rabeyaenterprise.com/wp-content/uploads/2025/11/Food-Grinder-925-150x150.jpg']",HIGH POWER FG925 1850W Food Grinder,,[],,False
avocado-cutter.html,3 IN 1 AVOCADO CUTTER,"['https://rabeyaenterprise.com/wp-content/uploads/2021/10/3-IN-1-AVOCADO-CUTTER3.jpg', 'https://rabeyaenterprise.com/wp-content/uploads/2021/10/3-IN-1-AVOCADO-CUTTER.jpg', 'https://rabeyaenterprise.com/wp-content/uploads/2021/10/3-IN-1-AVOCADO-CUTTER2.jpg', 'https://rabeyaenterprise.com/wp-content/uploads/2021/10/3-IN-1-AVOCADO-CUTTER3-150x150.jpg', 'https://rabeyaenterprise.com/wp-content/uploads/2021/10/3-IN-1-AVOCADO-CUTTER-150x150.jpg', 'https://rabeyaenterprise.com/wp-content/uploads/2021/10/3-IN-1-AVOCADO-CUTTER2-150x150.jpg']","3-in-1 Avocado SlicerAvocado Slicer,3 In 1 Avocado Slicer Multifunctional Avocado Cutter Fruit Peeler Kitchen Tools for Salad and Sushi",,[],,False
baby-rocking-chair-with-toy-stand.html,Love Baby Rocking Chair Without Toy Stand,"['https://rabeyaenterprise.com/wp-content/uploads/2021/08/Love-Baby-Rocking-Chair-With-Toy-Stand-F1.jpg', 'https://rabeyaenterprise.com/wp-content/uploads/2021/08/Love-Baby-Rocking-Chair-With-Toy-Stand-F2.jpg', 'https://rabeyaenterprise.com/wp-content/uploads/2021/08/Love-Baby-Rocking-Chair-With-Toy-Stand-F3.jpg', 'https://rabeyaenterprise.com/wp-content/uploads/2021/08/Love-Baby-Rocking-Chair-With-Toy-Stand-F4.jpg', 'https://rabeyaenterprise.com/wp-content/uploads/2021/08/Love-Baby-Rocking-Chair-With-Toy-Stand-F1-150x150.jpg', 'https://rabeyaenterprise.com/wp-content/uploads/2021/08/Love-Baby-Rocking-Chair-With-Toy-Stand-F2-150x150.jpg', 'https://rabeyaenterprise.com/wp-content/uploads/2021/08/Love-Baby-Rocking-Chair-With-Toy-Stand-F3-150x150.jpg', 'https://rabeyaenterprise.com/wp-content/uploads/2021/08/Love-Baby-Rocking-Chair-With-Toy-Stand-F4-150x150.jpg']",Love baby Indoor And Outdoor Baby Rocker Chair & Baby Rocker,,['Moms & Kids'],,False
adjustable-reading-table.html,FOLDABLE HEIGHT ADJUSTABLE READING TABLE,"['https://rabeyaenterprise.com/wp-content/uploads/2023/06/FOLDABLE-HEIGHT-ADJUSTABLE-READING-TABLE.jpg', 'https://rabeyaenterprise.com/wp-content/uploads/2023/06/FOLDABLE-HEIGHT-ADJUSTABLE-READING-TABLE4.jpg', 'https://rabeyaenterprise.com/wp-content/uploads/2023/06/FOLDABLE-HEIGHT-ADJUSTABLE-READING-TABLE3.jpg', 'https://rabeyaenterprise.com/wp-content/uploads/2023/06/FOLDABLE-HEIGHT-ADJUSTABLE-READING-TABLE6.jpg', 'https://rabeyaenterprise.com/wp-content/uploads/2023/06/Adjustable-Reading-Table.jpg', 'https://rabeyaenterprise.com/wp-content/uploads/2023/06/Adjustable-Reading-Table-F9.jpg', 'https://rabeyaenterprise.com/wp-content/uploads/2023/06/Adjustable-Reading-Table-F6.jpg', 'https://rabeyaenterprise.com/wp-content/uploads/2023/06/Adjustable-Reading-Table-F5.jpg', 'https://rabeyaenterprise.com/wp-content/uploads/2023/06/Adjustable-Reading-Table-F2.jpg', 'https://rabeyaenterprise.com/wp-content/uploads/2023/06/jackpot-1.jpg', 'https://rabeyaenterprise.com/wp-content/uploads/2023/06/jackpot-scaled.jpg', 'https://rabeyaenterprise.com/wp-content/uploads/2023/06/FOLDABLE-HEIGHT-ADJUSTABLE-READING-TABLE5.jpg', 'https://rabeyaenterprise.com/wp-content/uploads/2023/06/FOLDABLE-HEIGHT-ADJUSTABLE-READING-TABLE2.jpg', 'https://rabeyaenterprise.com/wp-content/uploads/2023/06/FOLDABLE-HEIGHT-ADJUSTABLE-READING-TABLE-150x150.jpg', 'https://rabeyaenterprise.com/wp-content/uploads/2023/06/FOLDABLE-HEIGHT-ADJUSTABLE-READING-TABLE4-150x150.jpg', 'https://rabeyaenterprise.com/wp-content/uploads/2023/06/FOLDABLE-HEIGHT-ADJUSTABLE-READING-TABLE3-150x150.jpg', 'https://rabeyaenterprise.com/wp-content/uploads/2023/06/FOLDABLE-HEIGHT-ADJUSTABLE-READING-TABLE6-150x150.jpg', 'https://rabeyaenterprise.com/wp-content/uploads/2023/06/Adjustable-Reading-Table-150x150.jpg', 'https://rabeyaenterprise.com/wp-content/uploads/2023/06/Adjustable-Reading-Table-F9-150x150.jpg', 'https://rabeyaenterprise.com/wp-content/uploads/2023/06/Adjustable-Reading-Table-F6-150x150.jpg', 'https://rabeyaenterprise.com/wp-content/uploads/2023/06/Adjustable-Reading-Table-F5-150x150.jpg', 'https://rabeyaenterprise.com/wp-content/uploads/2023/06/Adjustable-Reading-Table-F2-150x150.jpg', 'https://rabeyaenterprise.com/wp-content/uploads/2023/06/jackpot-1-150x150.jpg', 'https://rabeyaenterprise.com/wp-content/uploads/2023/06/jackpot-150x150.jpg', 'https://rabeyaenterprise.com/wp-content/uploads/2023/06/FOLDABLE-HEIGHT-ADJUSTABLE-READING-TABLE5-150x150.jpg', 'https://rabeyaenterprise.com/wp-content/uploads/2023/06/FOLDABLE-HEIGHT-ADJUSTABLE-READING-TABLE2-150x150.jpg']","Laptop Desk Table Metal Frame and MDF Desktop Home Office Furniture Folding Computer Table.Black, Wood, Pink",,[],,False
manual-juicer-hand-pressure-fruit-squeezer.html,Manual Hand Juicer Fruit Squeezer,"['https://rabeyaenterprise.com/wp-content/uploads/2022/04/Manual-Juicer-Hand-Pressure-Fruit-Squeezer-F2.jpg', 'https://rabeyaenterprise.com/wp-content/uploads/2022/04/Manual-Juicer-Hand-Pressure-Fruit-Squeezer-F5.jpg', 'https://rabeyaenterprise.com/wp-content/uploads/2022/04/Manual-Juicer-Hand-Pressure-Fruit-Squeezer-F4.jpg', 'https://rabeyaenterprise.com/wp-content/uploads/2022/04/Manual-Juicer-Hand-Pressure-Fruit-Squeezer-F3.jpg', 'https://rabeyaenterprise.com/wp-content/uploads/2022/04/Manual-Juicer-Hand-Pressure-Fruit-Squeezer-F2-150x150.jpg', 'https://rabeyaenterprise.com/wp-content/uploads/2022/04/Manual-Juicer-Hand-Pressure-Fruit-Squeezer-F5-150x150.jpg', 'https://rabeyaenterprise.com/wp-content/uploads/2022/04/Manual-Juicer-Hand-Pressure-Fruit-Squeezer-F4-150x150.jpg', 'https://rabeyaenterprise.com/wp-content/uploads/2022/04/Manual-Juicer-Hand-Pressure-Fruit-Squeezer-F3-150x150.jpg']",Manual Juicer Hand Pressure Fruit Squeezer Watermelon Orange Lemon Squeezer Fresh Juice Maker Kitchen Gadget Fruit Tool,,[],,False
wall-mounted-double-layer-phone-holder.html,Wall Mounted Double Layer Phone Holder,"['https://rabeyaenterprise.com/wp-content/uploads/2024/02/Wall-Mounted-Double-Layer-Phone-Holder-F3.jpg', 'https://rabeyaenterprise.com/wp-content/uploads/2024/02/Wall-Mounted-Double-Layer-Phone-Holder-F8.jpg', 'https://rabeyaenterprise.com/wp-content/uploads/2024/02/Wall-Mounted-Double-Layer-Phone-Holder-F7.jpg', 'https://rabeyaenterprise.com/wp-content/uploads/2024/02/Wall-Mounted-Double-Layer-Phone-Holder-F6.jpg', 'https://rabeyaenterprise.com/wp-content/uploads/2024/02/Wall-Mounted-Double-Layer-Phone-Holder-F5.jpg', 'https://rabeyaenterprise.com/wp-content/uploads/2024/02/Wall-Mounted-Double-Layer-Phone-Holder-F4.jpg', 'https://rabeyaenterprise.com/wp-content/uploads/2024/02/Wall-Mounted-Double-Layer-Phone-Holder-F3-150x150.jpg', 'https://rabeyaenterprise.com/wp-content/uploads/2024/02/Wall-Mounted-Double-Layer-Phone-Holder-F8-150x150.jpg', 'https://rabeyaenterprise.com/wp-content/uploads/2024/02/Wall-Mounted-Double-Layer-Phone-Holder-F7-150x150.jpg', 'https://rabeyaenterprise.com/wp-content/uploads/2024/02/Wall-Mounted-Double-Layer-Phone-Holder-F6-150x150.jpg', 'https://rabeyaenterprise.com/wp-content/uploads/2024/02/Wall-Mounted-Double-Layer-Phone-Holder-F5-150x150.jpg', 'https://rabeyaenterprise.com/wp-content/uploads/2024/02/Wall-Mounted-Double-Layer-Phone-Holder-F4-150x150.jpg']",Multifunctional Wall-mounted Storage Box Punch-free Mobile Phone Remote Control Storage Rack Holders Wall Debris Storage Holder,,[],,False
vibration-sensor-alarm.html,Vibration Sensor Alarm,['https://rabeyaenterprise.com/wp-content/uploads/2023/10/Vibration-Sensor-Alarm.jpg'],,,[],,False
baby-nail-cutter.html,ELECTRIC MANICURE SET,"['https://rabeyaenterprise.com/wp-content/uploads/2021/08/Baby-Nail-Trimmer-with-6-Grinding-Heads.jpg', 'https://rabeyaenterprise.com/wp-content/uploads/2021/08/Baby-Nail-Trimmer-with-6-Grinding-Heads-150x150.jpg']",সারাদেশব্যপী হোলসেল প্রাইজ এ ডেলিভারি করে থাকি। সর্বনিম্ন অর্ডার ১ কার্টোন। পণ্যের মুল্যের সাথে ডেলিভারি চার্জ ও কুরিয়ার চার্জ যোগ হবে। 40% টাকা অগ্রিম দিতে হবে।আপনার চাহিদা অনুযায়ী কাস্টম অর্ডার ও তৈরি করতে পারেন। কাস্টম অর্ডার তৈরি করতে “Custom Order” বাটনে ক্লিক করুন।,,['Moms & Kids'],,False
walkers-901-plastic.html,Walkers-901 (Plastic),"['https://rabeyaenterprise.com/wp-content/uploads/2021/08/Walkers-901-Plastic.jpg', 'https://rabeyaenterprise.com/wp-content/uploads/2021/08/Walkers-901-Plastic-150x139.jpg']","Plastic wheel, No Break , With Music",,[],,False
mini-wifi-hd-video-camera.html,Mini Wifi Hd Video Camera YsxLite,"['https://rabeyaenterprise.com/wp-content/uploads/2024/11/mini-wifi-hd-video-camera-2.jpg', 'https://rabeyaenterprise.com/wp-content/uploads/2024/11/mini-wifi-hd-video-camera-5.jpg', 'https://rabeyaenterprise.com/wp-content/uploads/2024/11/mini-wifi-hd-video-camera-6.jpg', 'https://rabeyaenterprise.com/wp-content/uploads/2024/11/mini-wifi-hd-video-camera-4.jpg', 'https://rabeyaenterprise.com/wp-content/uploads/2024/11/mini-wifi-hd-video-camera-2-150x147.jpg', 'https://rabeyaenterprise.com/wp-content/uploads/2024/11/mini-wifi-hd-video-camera-5-150x150.jpg', 'https://rabeyaenterprise.com/wp-content/uploads/2024/11/mini-wifi-hd-video-camera-6-150x150.jpg', 'https://rabeyaenterprise.com/wp-content/uploads/2024/11/mini-wifi-hd-video-camera-4-150x150.jpg']",,,[],,False
5-layer-pot-rack.html,5 Layer Pot Rack,"['https://rabeyaenterprise.com/wp-content/uploads/2024/03/5-Layer-pot-rack-2.jpg', 'https://rabeyaenterprise.com/wp-content/uploads/2025/11/5-layer-pot-rack-3.jpg', 'https://rabeyaenterprise.com/wp-content/uploads/2024/03/5-Layer-pot-rack-1.jpg', 'https://rabeyaenterprise.com/wp-content/uploads/2024/03/5-Layer-Pot-Rack03.jpg', 'https://rabeyaenterprise.com/wp-content/uploads/2024/03/5-Layer-Pot-Rack02.jpg', 'https://rabeyaenterprise.com/wp-content/uploads/2024/03/5-Layer-Pot-Rack.jpg', 'https://rabeyaenterprise.com/wp-content/uploads/2024/03/5-Layer-pot-rack-2-150x150.jpg', 'https://rabeyaenterprise.com/wp-content/uploads/2025/11/5-layer-pot-rack-3-150x150.jpg', 'https://rabeyaenterprise.com/wp-content/uploads/2024/03/5-Layer-pot-rack-1-150x150.jpg', 'https://rabeyaenterprise.com/wp-content/uploads/2024/03/5-Layer-Pot-Rack03-150x150.jpg', 'https://rabeyaenterprise.com/wp-content/uploads/2024/03/5-Layer-Pot-Rack02-150x150.jpg', 'https://rabeyaenterprise.com/wp-content/uploads/2024/03/5-Layer-Pot-Rack-150x150.jpg']",,,[],,False
wall-shelf-kitchen-bathroom.html,Kitchen Wall Shelf,"['https://rabeyaenterprise.com/wp-content/uploads/2024/12/Kitchen-Wall-Shelf2.jpg', 'https://rabeyaenterprise.com/wp-content/uploads/2024/12/Kitchen-Wall-Shelf.jpg', 'https://rabeyaenterprise.com/wp-content/uploads/2024/12/Kitchen-Wall-Shelf3.jpg', 'https://rabeyaenterprise.com/wp-content/uploads/2024/12/Kitchen-Wall-Shelf2-150x150.jpg', 'https://rabeyaenterprise.com/wp-content/uploads/2024/12/Kitchen-Wall-Shelf-150x150.jpg', 'https://rabeyaenterprise.com/wp-content/uploads/2024/12/Kitchen-Wall-Shelf3-150x150.jpg']",,,[],,False
mosquito-coil-holder.html,Mosquito Coil Holder,['https://rabeyaenterprise.com/wp-content/uploads/2022/05/f25bf64a6d8bc2a3436019c772fc38f6.jpg'],,,[],,False
eelhoe-ginger-essential-oil-30ml.html,EELHOE GINGER ESSENTIAL OIL 30ML,"['https://rabeyaenterprise.com/wp-content/uploads/2023/10/EELHOE-GINGER-ESSENTIAL-OIL-30ML.jpg', 'https://rabeyaenterprise.com/wp-content/uploads/2023/10/EELHOE-GINGER-ESSENTIAL-OIL-30ML-5.jpg', 'https://rabeyaenterprise.com/wp-content/uploads/2023/10/EELHOE-GINGER-ESSENTIAL-OIL-30ML-4.jpg', 'https://rabeyaenterprise.com/wp-content/uploads/2023/10/EELHOE-GINGER-ESSENTIAL-OIL-30ML-3.jpg', 'https://rabeyaenterprise.com/wp-content/uploads/2023/10/EELHOE-GINGER-ESSENTIAL-OIL-30ML-2.jpg', 'https://rabeyaenterprise.com/wp-content/uploads/2023/10/EELHOE-GINGER-ESSENTIAL-OIL-30ML-150x150.jpg', 'https://rabeyaenterprise.com/wp-content/uploads/2023/10/EELHOE-GINGER-ESSENTIAL-OIL-30ML-5-150x150.jpg', 'https://rabeyaenterprise.com/wp-content/uploads/2023/10/EELHOE-GINGER-ESSENTIAL-OIL-30ML-4-150x150.jpg', 'https://rabeyaenterprise.com/wp-content/uploads/2023/10/EELHOE-GINGER-ESSENTIAL-OIL-30ML-3-150x150.jpg', 'https://rabeyaenterprise.com/wp-content/uploads/2023/10/EELHOE-GINGER-ESSENTIAL-OIL-30ML-2-150x150.jpg']",,,[],,False
buddha-stones-jade-oval-pattern-blessing-fortune-necklace.html,Buddha Stones Jade Oval Pattern Blessing Fortune Necklace Pendant,"['https://rabeyaenterprise.com/wp-content/uploads/2023/06/Buddha-Stones-Jade-Oval-Pattern-Blessing-Fortune-Necklace-F1.jpg', 'https://rabeyaenterprise.com/wp-content/uploads/2023/06/Buddha-Stones-Jade-Oval-Pattern-Blessing-Fortune-Necklace-F4.jpg', 'https://rabeyaenterprise.com/wp-content/uploads/2023/06/Buddha-Stones-Jade-Oval-Pattern-Blessing-Fortune-Necklace-F3.jpg', 'https://rabeyaenterprise.com/wp-content/uploads/2023/06/Buddha-Stones-Jade-Oval-Pattern-Blessing-Fortune-Necklace-F2.jpg', 'https://rabeyaenterprise.com/wp-content/uploads/2023/06/Buddha-Stones-Jade-Oval-Pattern-Blessing-Fortune-Necklace-F1-150x150.jpg', 'https://rabeyaenterprise.com/wp-content/uploads/2023/06/Buddha-Stones-Jade-Oval-Pattern-Blessing-Fortune-Necklace-F4-150x150.jpg', 'https://rabeyaenterprise.com/wp-content/uploads/2023/06/Buddha-Stones-Jade-Oval-Pattern-Blessing-Fortune-Necklace-F3-150x150.jpg', 'https://rabeyaenterprise.com/wp-content/uploads/2023/06/Buddha-Stones-Jade-Oval-Pattern-Blessing-Fortune-Necklace-F2-150x150.jpg']",Buddha Stones Jade Oval Pattern Blessing Fortune Necklace Pendant,,[],,False
watch-women-diamond-bracelet-wrist.html,Watch Women Diamond Bracelet Wrist,"['https://rabeyaenterprise.com/wp-content/uploads/2023/08/DIAMOND-WOMEN-BRACELET-WRIST-BRACELET-WRIST-WATCH.jpg', 'https://rabeyaenterprise.com/wp-content/uploads/2023/08/DIAMOND-WOMEN-BRACELET-WRIST-BRACELET-WRIST-WATCH-F4.jpg', 'https://rabeyaenterprise.com/wp-content/uploads/2023/08/DIAMOND-WOMEN-BRACELET-WRIST-BRACELET-WRIST-WATCH-F2.jpg', 'https://rabeyaenterprise.com/wp-content/uploads/2023/08/DIAMOND-WOMEN-BRACELET-WRIST-BRACELET-WRIST-WATCH-F3.jpg', 'https://rabeyaenterprise.com/wp-content/uploads/2023/08/DIAMOND-WOMEN-BRACELET-WRIST-BRACELET-WRIST-WATCH-150x150.jpg', 'https://rabeyaenterprise.com/wp-content/uploads/2023/08/DIAMOND-WOMEN-BRACELET-WRIST-BRACELET-WRIST-WATCH-F4-150x150.jpg', 'https://rabeyaenterprise.com/wp-content/uploads/2023/08/DIAMOND-WOMEN-BRACELET-WRIST-BRACELET-WRIST-WATCH-F2-150x150.jpg', 'https://rabeyaenterprise.com/wp-content/uploads/2023/08/DIAMOND-WOMEN-BRACELET-WRIST-BRACELET-WRIST-WATCH-F3-150x150.jpg']",Women’s Stainless Steel Quartz Watch Rhinestone Analog Wrist Watch GD Mens Watch Expansion Band,,[],,False
ice-ball-maker-tray.html,Ice Ball Maker Tray,"['https://rabeyaenterprise.com/wp-content/uploads/2021/12/Ice-Ball-Maker-Tray.jpg', 'https://rabeyaenterprise.com/wp-content/uploads/2021/12/Ice-Ball-Maker-Tray3.jpg', 'https://rabeyaenterprise.com/wp-content/uploads/2021/12/Ice-Ball-Maker-Tray2.jpg', 'https://rabeyaenterprise.com/wp-content/uploads/2021/12/Ice-Ball-Maker-Tray-150x150.jpg', 'https://rabeyaenterprise.com/wp-content/uploads/2021/12/Ice-Ball-Maker-Tray3-150x150.jpg', 'https://rabeyaenterprise.com/wp-content/uploads/2021/12/Ice-Ball-Maker-Tray2-150x150.jpg']",Portable Silicone Ice Ball Maker Tray Foldable Kettle Storage Ice Box Kitchen Frozen Beverage Ice Cube Bag Mold,,[],,False
bracelet-alloy-plating-18k-gold-magnetic-adjustable.html,Bracelet Alloy Plating 18k Gold Magnetic Adjustable,"['https://rabeyaenterprise.com/wp-content/uploads/2023/01/Alloy-Plating-18k-Gold-Magnetic-Adjustable-Bracelet-F1.jpg', 'https://rabeyaenterprise.com/wp-content/uploads/2023/01/Alloy-Plating-18k-Gold-Magnetic-Adjustable-Bracelet-F2.jpg', 'https://rabeyaenterprise.com/wp-content/uploads/2023/01/Alloy-Plating-18k-Gold-Magnetic-Adjustable-Bracelet-F1-150x150.jpg', 'https://rabeyaenterprise.com/wp-content/uploads/2023/01/Alloy-Plating-18k-Gold-Magnetic-Adjustable-Bracelet-F2-150x150.jpg']",,,[],,False
dark-spot-cream.html,DARK SPOT CREAM,"['https://rabeyaenterprise.com/wp-content/uploads/2023/11/DARK-SPOT-CREAM.jpg', 'https://rabeyaenterprise.com/wp-content/uploads/2023/11/DARK-SPOT-CREAM7.jpg', 'https://rabeyaenterprise.com/wp-content/uploads/2023/11/DARK-SPOT-CREAM6.jpg', 'https://rabeyaenterprise.com/wp-content/uploads/2023/11/DARK-SPOT-CREAM5.jpg', 'https://rabeyaenterprise.com/wp-content/uploads/2023/11/DARK-SPOT-CREAM4.jpg', 'https://rabeyaenterprise.com/wp-content/uploads/2023/11/DARK-SPOT-CREAM3.jpg', 'https://rabeyaenterprise.com/wp-content/uploads/2023/11/DARK-SPOT-CREAM2.jpg', 'https://rabeyaenterprise.com/wp-content/uploads/2023/11/DARK-SPOT-CREAM-150x150.jpg', 'https://rabeyaenterprise.com/wp-content/uploads/2023/11/DARK-SPOT-CREAM7-150x150.jpg', 'https://rabeyaenterprise.com/wp-content/uploads/2023/11/DARK-SPOT-CREAM6-150x150.jpg', 'https://rabeyaenterprise.com/wp-content/uploads/2023/11/DARK-SPOT-CREAM5-150x150.jpg', 'https://rabeyaenterprise.com/wp-content/uploads/2023/11/DARK-SPOT-CREAM4-150x150.jpg', 'https://rabeyaenterprise.com/wp-content/uploads/2023/11/DARK-SPOT-CREAM3-150x150.jpg', 'https://rabeyaenterprise.com/wp-content/uploads/2023/11/DARK-SPOT-CREAM2-150x150.jpg']",,,[],,False
jaysuing-jewelry-cleaner.html,Jewellery Cleaner,"['https://rabeyaenterprise.com/wp-content/uploads/2024/09/Jewellery-Cleaner3.jpg', 'https://rabeyaenterprise.com/wp-content/uploads/2024/09/Jewellery-Cleaner2.jpg', 'https://rabeyaenterprise.com/wp-content/uploads/2024/09/Jewellery-Cleaner.jpg', 'https://rabeyaenterprise.com/wp-content/uploads/2024/09/Jewellery-Cleaner3-150x150.jpg', 'https://rabeyaenterprise.com/wp-content/uploads/2024/09/Jewellery-Cleaner2-150x150.jpg', 'https://rabeyaenterprise.com/wp-content/uploads/2024/09/Jewellery-Cleaner-150x150.jpg']",,,[],,False
car-hook-mobile-phone-holder.html,Car Hook Mobile Phone Holder,['https://rabeyaenterprise.com/wp-content/uploads/2023/06/Car-Hook-Mobile-Phone-Holder-F6.jpg'],Car Hooks Car Seat Back Hooks with Phone Holder Universal Vehicle Car Headrest Hooks Hanger with Lock and Phone Bracket,,[],,False
trolly-bag.html,Trolly Bag,['https://rabeyaenterprise.com/wp-content/uploads/2021/08/Trolly-Bag.jpg'],,,[],,False
frying-pancake-mold.html,Frying Pancake Mold,"['https://rabeyaenterprise.com/wp-content/uploads/2021/12/Frying-Pancake-Mold.jpg', 'https://rabeyaenterprise.com/wp-content/uploads/2021/12/Frying-Pancake-Mold3.jpg', 'https://rabeyaenterprise.com/wp-content/uploads/2021/12/Frying-Pancake-Mold2.jpg', 'https://rabeyaenterprise.com/wp-content/uploads/2021/12/Frying-Pancake-Mold-150x150.jpg', 'https://rabeyaenterprise.com/wp-content/uploads/2021/12/Frying-Pancake-Mold3-150x150.jpg', 'https://rabeyaenterprise.com/wp-content/uploads/2021/12/Frying-Pancake-Mold2-150x150.jpg']","Reusable Pancake Mold, 3/4pcs, Frying Mold, Non-Stick, Silicone Mold, Cooking Ring, Omelets, Cooking, Egg Tools",,[],,False
smart-voice-control-light.html,Smart voice control light,"['https://rabeyaenterprise.com/wp-content/uploads/2024/08/Smart-voice-control-light3.jpg', 'https://rabeyaenterprise.com/wp-content/uploads/2024/08/Smart-voice-control-light6.jpg', 'https://rabeyaenterprise.com/wp-content/uploads/2024/08/Smart-voice-control-light4.jpg', 'https://rabeyaenterprise.com/wp-content/uploads/2024/08/Smart-voice-control-light5.jpg', 'https://rabeyaenterprise.com/wp-content/uploads/2024/08/Smart-voice-control-light2.jpg', 'https://rabeyaenterprise.com/wp-content/uploads/2024/08/Smart-voice-control-light.jpg', 'https://rabeyaenterprise.com/wp-content/uploads/2024/08/Smart-voice-control-light3-150x150.jpg', 'https://rabeyaenterprise.com/wp-content/uploads/2024/08/Smart-voice-control-light6-150x150.jpg', 'https://rabeyaenterprise.com/wp-content/uploads/2024/08/Smart-voice-control-light4-150x150.jpg', 'https://rabeyaenterprise.com/wp-content/uploads/2024/08/Smart-voice-control-light5-150x150.jpg', 'https://rabeyaenterprise.com/wp-content/uploads/2024/08/Smart-voice-control-light2-150x150.jpg', 'https://rabeyaenterprise.com/wp-content/uploads/2024/08/Smart-voice-control-light-150x150.jpg']",Colour Availavel:White,,[],,False
digital-rocking-chair-swing-leaf-shape.html,Digital Rocking Chair Swing Leaf Shape,"['https://rabeyaenterprise.com/wp-content/uploads/2021/12/Digital-Rocking-Chair-Swing-Leaf-Shape2.jpg', 'https://rabeyaenterprise.com/wp-content/uploads/2021/12/Digital-Rocking-Chair-Swing-Leaf-Shape4.jpg', 'https://rabeyaenterprise.com/wp-content/uploads/2021/12/Digital-Rocking-Chair-Swing-Leaf-Shape3.jpg', 'https://rabeyaenterprise.com/wp-content/uploads/2021/12/Digital-Rocking-Chair-Swing-Leaf-Shape.jpg', 'https://rabeyaenterprise.com/wp-content/uploads/2021/12/Digital-Rocking-Chair-Swing-Leaf-Shape2-150x150.jpg', 'https://rabeyaenterprise.com/wp-content/uploads/2021/12/Digital-Rocking-Chair-Swing-Leaf-Shape4-150x150.jpg', 'https://rabeyaenterprise.com/wp-content/uploads/2021/12/Digital-Rocking-Chair-Swing-Leaf-Shape3-150x150.jpg', 'https://rabeyaenterprise.com/wp-content/uploads/2021/12/Digital-Rocking-Chair-Swing-Leaf-Shape-150x150.jpg']",Baby Safety Swing Bouncer Rocking Chair For Newborn Baby Sleeping Basket Automatic Cradle With Seat Cushion Rocker Chair,,[],,False
facial-beauty-ice-roller.html,Facial Beauty Ice Roller,"['https://rabeyaenterprise.com/wp-content/uploads/2023/09/Facial-Beauty-Ice-Roller.jpg', 'https://rabeyaenterprise.com/wp-content/uploads/2023/09/Facial-Beauty-Ice-Roller11.jpg', 'https://rabeyaenterprise.com/wp-content/uploads/2023/09/Facial-Beauty-Ice-Roller10.jpg', 'https://rabeyaenterprise.com/wp-content/uploads/2023/09/Facial-Beauty-Ice-Roller9.jpg', 'https://rabeyaenterprise.com/wp-content/uploads/2023/09/Facial-Beauty-Ice-Roller8.jpg', 'https://rabeyaenterprise.com/wp-content/uploads/2023/09/Facial-Beauty-Ice-Roller7.jpg', 'https://rabeyaenterprise.com/wp-content/uploads/2023/09/Facial-Beauty-Ice-Roller6.jpg', 'https://rabeyaenterprise.com/wp-content/uploads/2023/09/Facial-Beauty-Ice-Roller5.jpg', 'https://rabeyaenterprise.com/wp-content/uploads/2023/09/Facial-Beauty-Ice-Roller4.jpg', 'https://rabeyaenterprise.com/wp-content/uploads/2023/09/Facial-Beauty-Ice-Roller3.jpg', 'https://rabeyaenterprise.com/wp-content/uploads/2023/09/Facial-Beauty-Ice-Roller2.jpg', 'https://rabeyaenterprise.com/wp-content/uploads/2023/09/Facial-Beauty-Ice-Roller-150x150.jpg', 'https://rabeyaenterprise.com/wp-content/uploads/2023/09/Facial-Beauty-Ice-Roller11-150x150.jpg', 'https://rabeyaenterprise.com/wp-content/uploads/2023/09/Facial-Beauty-Ice-Roller10-150x150.jpg', 'https://rabeyaenterprise.com/wp-content/uploads/2023/09/Facial-Beauty-Ice-Roller9-150x150.jpg', 'https://rabeyaenterprise.com/wp-content/uploads/2023/09/Facial-Beauty-Ice-Roller8-150x150.jpg', 'https://rabeyaenterprise.com/wp-content/uploads/2023/09/Facial-Beauty-Ice-Roller7-150x150.jpg', 'https://rabeyaenterprise.com/wp-content/uploads/2023/09/Facial-Beauty-Ice-Roller6-150x150.jpg', 'https://rabeyaenterprise.com/wp-content/uploads/2023/09/Facial-Beauty-Ice-Roller5-150x150.jpg', 'https://rabeyaenterprise.com/wp-content/uploads/2023/09/Facial-Beauty-Ice-Roller4-150x150.jpg', 'https://rabeyaenterprise.com/wp-content/uploads/2023/09/Facial-Beauty-Ice-Roller3-150x150.jpg', 'https://rabeyaenterprise.com/wp-content/uploads/2023/09/Facial-Beauty-Ice-Roller2-150x150.jpg']",,,[],,False
egg-storage-box.html,Egg Storage Box,"['https://rabeyaenterprise.com/wp-content/uploads/2022/06/Egg-Storage-Box2-1.jpg', 'https://rabeyaenterprise.com/wp-content/uploads/2022/06/Egg-Storage-Box.jpg', 'https://rabeyaenterprise.com/wp-content/uploads/2022/06/Egg-Storage-Box3-1.jpg', 'https://rabeyaenterprise.com/wp-content/uploads/2022/06/Egg-Storage-Box-2.jpg', 'https://rabeyaenterprise.com/wp-content/uploads/2022/06/Egg-Storage-Box2-1-150x150.jpg', 'https://rabeyaenterprise.com/wp-content/uploads/2022/06/Egg-Storage-Box-150x150.jpg', 'https://rabeyaenterprise.com/wp-content/uploads/2022/06/Egg-Storage-Box3-1-150x150.jpg', 'https://rabeyaenterprise.com/wp-content/uploads/2022/06/Egg-Storage-Box-2-150x150.jpg']",Stackable Egg Holder Storage Box Drawer Automatic Rolling Refrigerator Eggs Organizer Space Saver Container Kitchen Organizer,,[],,False
nomore-nail-free-glue-multi-purpose-adhesive-glue.html,No More Nail Super Glue -20MG,"['https://rabeyaenterprise.com/wp-content/uploads/2022/11/No-More-Nail-Super-Glue-20MG3.jpg', 'https://rabeyaenterprise.com/wp-content/uploads/2022/11/No-More-Nail-Super-Glue-20MG.jpg', 'https://rabeyaenterprise.com/wp-content/uploads/2022/11/No-More-Nail-Super-Glue-20MG2.jpg', 'https://rabeyaenterprise.com/wp-content/uploads/2022/11/No-More-Nail-Super-Glue-20MG3-150x150.jpg', 'https://rabeyaenterprise.com/wp-content/uploads/2022/11/No-More-Nail-Super-Glue-20MG-150x150.jpg', 'https://rabeyaenterprise.com/wp-content/uploads/2022/11/No-More-Nail-Super-Glue-20MG2-150x150.jpg']",Multi-purpose Adhesive Glue All-Purpose Glue Adhesive Strong Universal Glue For DIY Plastics PVC Rubber Ceramic Woodworking,,[],,False
baby-manicure-set-nail-trimmer.html,Baby Manicure Set Nail Trimmer,"['https://rabeyaenterprise.com/wp-content/uploads/2023/07/Baby-Manicure-set-Nail-Trimmer-F1.jpg', 'https://rabeyaenterprise.com/wp-content/uploads/2023/07/Baby-Manicure-set-Nail-Trimmer-F6.jpg', 'https://rabeyaenterprise.com/wp-content/uploads/2023/07/Baby-Manicure-set-Nail-Trimmer-F5.jpg', 'https://rabeyaenterprise.com/wp-content/uploads/2023/07/Baby-Manicure-set-Nail-Trimmer-F4.jpg', 'https://rabeyaenterprise.com/wp-content/uploads/2023/07/Baby-Manicure-set-Nail-Trimmer-F3.jpg', 'https://rabeyaenterprise.com/wp-content/uploads/2023/07/Baby-Manicure-set-Nail-Trimmer-F2.jpg', 'https://rabeyaenterprise.com/wp-content/uploads/2023/07/Baby-Manicure-set-Nail-Trimmer-F1-150x150.jpg', 'https://rabeyaenterprise.com/wp-content/uploads/2023/07/Baby-Manicure-set-Nail-Trimmer-F6-150x150.jpg', 'https://rabeyaenterprise.com/wp-content/uploads/2023/07/Baby-Manicure-set-Nail-Trimmer-F5-150x150.jpg', 'https://rabeyaenterprise.com/wp-content/uploads/2023/07/Baby-Manicure-set-Nail-Trimmer-F4-150x150.jpg', 'https://rabeyaenterprise.com/wp-content/uploads/2023/07/Baby-Manicure-set-Nail-Trimmer-F3-150x150.jpg', 'https://rabeyaenterprise.com/wp-content/uploads/2023/07/Baby-Manicure-set-Nail-Trimmer-F2-150x150.jpg']",Electric Baby Nail Trimmer Kid Nail Polisher Tool Infant Manicure Scissors Baby Hygiene Kit Baby Nail Clipper Cutter For Newborn,,['Moms & Kids'],,False
gynecomastia-reduction-spray-six-pack.html,GYNECOMASTIA REDUCTION SPRAY SIX-PACK,"['https://rabeyaenterprise.com/wp-content/uploads/2023/11/GYNECOMASTIA-REDUCTION-SPRAY-SIX-PACK.jpg', 'https://rabeyaenterprise.com/wp-content/uploads/2023/11/GYNECOMASTIA-REDUCTION-SPRAY-SIX-PACK5.jpg', 'https://rabeyaenterprise.com/wp-content/uploads/2023/11/GYNECOMASTIA-REDUCTION-SPRAY-SIX-PACK4.jpg', 'https://rabeyaenterprise.com/wp-content/uploads/2023/11/GYNECOMASTIA-REDUCTION-SPRAY-SIX-PACK3.jpg', 'https://rabeyaenterprise.com/wp-content/uploads/2023/11/GYNECOMASTIA-REDUCTION-SPRAY-SIX-PACK2.jpg', 'https://rabeyaenterprise.com/wp-content/uploads/2023/11/GYNECOMASTIA-REDUCTION-SPRAY-SIX-PACK-150x150.jpg', 'https://rabeyaenterprise.com/wp-content/uploads/2023/11/GYNECOMASTIA-REDUCTION-SPRAY-SIX-PACK5-150x150.jpg', 'https://rabeyaenterprise.com/wp-content/uploads/2023/11/GYNECOMASTIA-REDUCTION-SPRAY-SIX-PACK4-150x150.jpg', 'https://rabeyaenterprise.com/wp-content/uploads/2023/11/GYNECOMASTIA-REDUCTION-SPRAY-SIX-PACK3-150x150.jpg', 'https://rabeyaenterprise.com/wp-content/uploads/2023/11/GYNECOMASTIA-REDUCTION-SPRAY-SIX-PACK2-150x150.jpg']",,,[],,False
orange-exfoliating-whitening-gel.html,ORANGE EXFOLIATING WHITENING GEL,"['https://rabeyaenterprise.com/wp-content/uploads/2024/07/ORANGE-EXFOLIATING-WHITENING-GEL-1.jpg', 'https://rabeyaenterprise.com/wp-content/uploads/2024/07/ORANGE-EXFOLIATING-WHITENING-GEL-2.jpg', 'https://rabeyaenterprise.com/wp-content/uploads/2024/07/ORANGE-EXFOLIATING-WHITENING-GEL-3.jpg', 'https://rabeyaenterprise.com/wp-content/uploads/2024/07/ORANGE-EXFOLIATING-WHITENING-GEL-4.jpg', 'https://rabeyaenterprise.com/wp-content/uploads/2024/07/ORANGE-EXFOLIATING-WHITENING-GEL-5.jpg', 'https://rabeyaenterprise.com/wp-content/uploads/2024/07/ORANGE-EXFOLIATING-WHITENING-GEL-1-150x150.jpg', 'https://rabeyaenterprise.com/wp-content/uploads/2024/07/ORANGE-EXFOLIATING-WHITENING-GEL-2-150x150.jpg', 'https://rabeyaenterprise.com/wp-content/uploads/2024/07/ORANGE-EXFOLIATING-WHITENING-GEL-3-150x150.jpg', 'https://rabeyaenterprise.com/wp-content/uploads/2024/07/ORANGE-EXFOLIATING-WHITENING-GEL-4-150x150.jpg', 'https://rabeyaenterprise.com/wp-content/uploads/2024/07/ORANGE-EXFOLIATING-WHITENING-GEL-5-150x150.jpg']",,,[],,False
3d-firework-led-decorative-light-bulb-christmas-tree-shape.html,3D Firework Led Decorative Light Bulb Christmas Tree Shape,"['https://rabeyaenterprise.com/wp-content/uploads/2024/02/3D-Firework-LED-Decorative-Lamp-Christmas-Light-Bulb.avif', 'https://rabeyaenterprise.com/wp-content/uploads/2024/02/3D-Firework-Led-Decorative-Light-Bulb-Christmas-Tree-Shape3.jpg', 'https://rabeyaenterprise.com/wp-content/uploads/2024/02/3D-Firework-Led-Decorative-Light-Bulb-Christmas-Tree-Shape2.jpg', 'https://rabeyaenterprise.com/wp-content/uploads/2024/02/3D-Firework-Led-Decorative-Light-Bulb-Christmas-Tree-Shape.jpg', 'https://rabeyaenterprise.com/wp-content/uploads/2024/02/3D-Firework-LED-Decorative-Lamp-Christmas-Light-Bulb-150x150.avif', 'https://rabeyaenterprise.com/wp-content/uploads/2024/02/3D-Firework-Led-Decorative-Light-Bulb-Christmas-Tree-Shape3-150x150.jpg', 'https://rabeyaenterprise.com/wp-content/uploads/2024/02/3D-Firework-Led-Decorative-Light-Bulb-Christmas-Tree-Shape2-150x150.jpg', 'https://rabeyaenterprise.com/wp-content/uploads/2024/02/3D-Firework-Led-Decorative-Light-Bulb-Christmas-Tree-Shape-150x150.jpg']",,,[],,False
disinfection-box.html,Disinfection-Box,"['https://rabeyaenterprise.com/wp-content/uploads/2023/10/Disinfection-Box.jpg', 'https://rabeyaenterprise.com/wp-content/uploads/2023/10/Disinfection-Box3.jpg', 'https://rabeyaenterprise.com/wp-content/uploads/2023/10/Disinfection-Box2.jpg', 'https://rabeyaenterprise.com/wp-content/uploads/2023/10/Disinfection-Box-150x150.jpg', 'https://rabeyaenterprise.com/wp-content/uploads/2023/10/Disinfection-Box3-150x150.jpg', 'https://rabeyaenterprise.com/wp-content/uploads/2023/10/Disinfection-Box2-150x150.jpg']",,,[],,False
watch-binbond.html,Watch Binbond,"['https://rabeyaenterprise.com/wp-content/uploads/2023/08/364387924_1422765491789670_5558080278428832585_n.jpg', 'https://rabeyaenterprise.com/wp-content/uploads/2023/08/Montre-Homme-Business-Casual-Fashion-Waterproof-Full-Steel-Quartz-Watches-for-Men-Sports-Date-Week-Clock.jpg_640x640-1.jpg', 'https://rabeyaenterprise.com/wp-content/uploads/2023/08/Montre-Homme-Business-Casual-Fashion-Waterproof-Full-Steel-Quartz-Watches-for-Men-Sports-Date-Week-Clock.jpg_Q90.jpg_-1.webp', 'https://rabeyaenterprise.com/wp-content/uploads/2023/08/Montre-Homme-Business-Casual-Fashion-Waterproof-Full-Steel-Quartz-Watches-for-Men-Sports-Date-Week-Clock.jpg_Q90.jpg_-2.webp', 'https://rabeyaenterprise.com/wp-content/uploads/2023/08/Montre-Homme-Business-Casual-Fashion-Waterproof-Full-Steel-Quartz-Watches-for-Men-Sports-Date-Week-Clock.jpg_Q90.jpg_-3.webp', 'https://rabeyaenterprise.com/wp-content/uploads/2023/08/Montre-Homme-Business-Casual-Fashion-Waterproof-Full-Steel-Quartz-Watches-for-Men-Sports-Date-Week-Clock.jpg_640x640.jpg', 'https://rabeyaenterprise.com/wp-content/uploads/2023/08/Montre-Homme-Business-Casual-Fashion-Waterproof-Full-Steel-Quartz-Watches-for-Men-Sports-Date-Week-Clock.jpg_Q90.jpg_.webp', 'https://rabeyaenterprise.com/wp-content/uploads/2023/08/364387924_1422765491789670_5558080278428832585_n-150x150.jpg', 'https://rabeyaenterprise.com/wp-content/uploads/2023/08/Montre-Homme-Business-Casual-Fashion-Waterproof-Full-Steel-Quartz-Watches-for-Men-Sports-Date-Week-Clock.jpg_640x640-1-150x150.jpg', 'https://rabeyaenterprise.com/wp-content/uploads/2023/08/Montre-Homme-Business-Casual-Fashion-Waterproof-Full-Steel-Quartz-Watches-for-Men-Sports-Date-Week-Clock.jpg_Q90.jpg_-1-150x150.webp', 'https://rabeyaenterprise.com/wp-content/uploads/2023/08/Montre-Homme-Business-Casual-Fashion-Waterproof-Full-Steel-Quartz-Watches-for-Men-Sports-Date-Week-Clock.jpg_Q90.jpg_-2-150x150.webp', 'https://rabeyaenterprise.com/wp-content/uploads/2023/08/Montre-Homme-Business-Casual-Fashion-Waterproof-Full-Steel-Quartz-Watches-for-Men-Sports-Date-Week-Clock.jpg_Q90.jpg_-3-150x150.webp', 'https://rabeyaenterprise.com/wp-content/uploads/2023/08/Montre-Homme-Business-Casual-Fashion-Waterproof-Full-Steel-Quartz-Watches-for-Men-Sports-Date-Week-Clock.jpg_640x640-150x150.jpg', 'https://rabeyaenterprise.com/wp-content/uploads/2023/08/Montre-Homme-Business-Casual-Fashion-Waterproof-Full-Steel-Quartz-Watches-for-Men-Sports-Date-Week-Clock.jpg_Q90.jpg_-150x150.webp']",,,[],,False
kb-7910-blue-light-acne-treatment.html,Blue Light Acne Treatment KB-7910,"['https://rabeyaenterprise.com/wp-content/uploads/2022/06/KB-7910-Blue-Light-Acne-Treatment-F3.jpg', 'https://rabeyaenterprise.com/wp-content/uploads/2022/06/KB-7910-Blue-Light-Acne-Treatment-F1.jpg', 'https://rabeyaenterprise.com/wp-content/uploads/2022/06/KB-7910-Blue-Light-Acne-Treatment-F2.jpg', 'https://rabeyaenterprise.com/wp-content/uploads/2022/06/KB-7910-Blue-Light-Acne-Treatment-F3-150x150.jpg', 'https://rabeyaenterprise.com/wp-content/uploads/2022/06/KB-7910-Blue-Light-Acne-Treatment-F1-150x150.jpg', 'https://rabeyaenterprise.com/wp-content/uploads/2022/06/KB-7910-Blue-Light-Acne-Treatment-F2-150x150.jpg']",KD-7910 Acne Laser Pen Portable Wrinkle Removal Machine Durable Soft Scar Removal Device Blue Light Therapy Pen Skin care Beaty,,[],,False
power-bank-mini.html,Power Bank Mini,"['https://rabeyaenterprise.com/wp-content/uploads/2023/12/Power-Bank-Mini.jpg', 'https://rabeyaenterprise.com/wp-content/uploads/2023/12/Power-Bank-Mini5.jpg', 'https://rabeyaenterprise.com/wp-content/uploads/2023/12/Power-Bank-Mini4.jpg', 'https://rabeyaenterprise.com/wp-content/uploads/2023/12/Power-Bank-Mini3.jpg', 'https://rabeyaenterprise.com/wp-content/uploads/2023/12/Power-Bank-Mini2.jpg', 'https://rabeyaenterprise.com/wp-content/uploads/2023/12/Power-Bank-Mini-150x150.jpg', 'https://rabeyaenterprise.com/wp-content/uploads/2023/12/Power-Bank-Mini5-150x150.jpg', 'https://rabeyaenterprise.com/wp-content/uploads/2023/12/Power-Bank-Mini4-150x150.jpg', 'https://rabeyaenterprise.com/wp-content/uploads/2023/12/Power-Bank-Mini3-150x150.jpg', 'https://rabeyaenterprise.com/wp-content/uploads/2023/12/Power-Bank-Mini2-150x150.jpg']",,,[],,False
watch-poedagar-luminous-stainless.html,Watch Poedagar Luminous Stainless,"['https://rabeyaenterprise.com/wp-content/uploads/2023/08/Watch-Poedagar-Luminous-Stainless2.jpg', 'https://rabeyaenterprise.com/wp-content/uploads/2023/08/Watch-Poedagar-Luminous-Stainless4.jpg', 'https://rabeyaenterprise.com/wp-content/uploads/2023/08/Watch-Poedagar-Luminous-Stainless3.jpg', 'https://rabeyaenterprise.com/wp-content/uploads/2023/08/Watch-Poedagar-Luminous-Stainless.jpg', 'https://rabeyaenterprise.com/wp-content/uploads/2023/08/Watch-Poedagar-Luminous-Stainless2-150x150.jpg', 'https://rabeyaenterprise.com/wp-content/uploads/2023/08/Watch-Poedagar-Luminous-Stainless4-150x150.jpg', 'https://rabeyaenterprise.com/wp-content/uploads/2023/08/Watch-Poedagar-Luminous-Stainless3-150x150.jpg', 'https://rabeyaenterprise.com/wp-content/uploads/2023/08/Watch-Poedagar-Luminous-Stainless-150x150.jpg']",Dial Diameter – 42 mmCase Thickness – 12 mmBand Width – 20 mmBand Length – 24 cmMovement – Quartz30 M WaterproofLuminous HandsHigh Quality,,[],,False
mini-electronic-accessories-storage-bag.html,Mini Electronic Accessories Storage Bag,['https://rabeyaenterprise.com/wp-content/uploads/2023/10/Mini-Electronic-Accessories-Storage-Bag.jpg'],,,[],,False
electric-dry-iron-machine-with-spray.html,Electric Dry Iron Machine With Spray,"['https://rabeyaenterprise.com/wp-content/uploads/2021/08/Electric-Dry-Iron-Machine-With-Spray.jpg', 'https://rabeyaenterprise.com/wp-content/uploads/2021/08/Electric-Dry-Iron-Machine-With-Spray4.jpg', 'https://rabeyaenterprise.com/wp-content/uploads/2021/08/Electric-Dry-Iron-Machine-With-Spray3.jpg', 'https://rabeyaenterprise.com/wp-content/uploads/2021/08/Electric-Dry-Iron-Machine-With-Spray2.jpg', 'https://rabeyaenterprise.com/wp-content/uploads/2021/08/Electric-Dry-Iron-Machine-With-Spray-150x150.jpg', 'https://rabeyaenterprise.com/wp-content/uploads/2021/08/Electric-Dry-Iron-Machine-With-Spray4-150x150.jpg', 'https://rabeyaenterprise.com/wp-content/uploads/2021/08/Electric-Dry-Iron-Machine-With-Spray3-150x150.jpg', 'https://rabeyaenterprise.com/wp-content/uploads/2021/08/Electric-Dry-Iron-Machine-With-Spray2-150x150.jpg']",Mini Electric Dry Iron Machine With Spray Water Portable Fast Heat Clothes Handheld Garment Steamer For Home Dormitory Travel,,[],,False
race-digital-besin-tap-without-hand-shower.html,Beshin Tab Water Heater Digital,['https://rabeyaenterprise.com/wp-content/uploads/woocommerce-placeholder.webp'],,,[],,False
oven-rack.html,Oven Rack,"['https://rabeyaenterprise.com/wp-content/uploads/2024/09/Oven-Rack.jpg', 'https://rabeyaenterprise.com/wp-content/uploads/2024/09/Oven-Rack2.jpg', 'https://rabeyaenterprise.com/wp-content/uploads/2024/09/Oven-Rack-150x150.jpg', 'https://rabeyaenterprise.com/wp-content/uploads/2024/09/Oven-Rack2-150x150.jpg']",,,[],,False
clean-lungs-herbal-spray.html,CLEAN LUNGS HERBAL SPRAY,"['https://rabeyaenterprise.com/wp-content/uploads/2023/10/CLEAN-LUNGS-HERBAL-SPRAY3.jpg', 'https://rabeyaenterprise.com/wp-content/uploads/2023/10/CLEAN-LUNGS-HERBAL-SPRAY6.jpg', 'https://rabeyaenterprise.com/wp-content/uploads/2023/10/CLEAN-LUNGS-HERBAL-SPRAY5.jpg', 'https://rabeyaenterprise.com/wp-content/uploads/2023/10/CLEAN-LUNGS-HERBAL-SPRAY4.jpg', 'https://rabeyaenterprise.com/wp-content/uploads/2023/10/CLEAN-LUNGS-HERBAL-SPRAY2.jpg', 'https://rabeyaenterprise.com/wp-content/uploads/2023/10/CLEAN-LUNGS-HERBAL-SPRAY.jpg', 'https://rabeyaenterprise.com/wp-content/uploads/2023/10/CLEAN-LUNGS-HERBAL-SPRAY3-150x150.jpg', 'https://rabeyaenterprise.com/wp-content/uploads/2023/10/CLEAN-LUNGS-HERBAL-SPRAY6-150x150.jpg', 'https://rabeyaenterprise.com/wp-content/uploads/2023/10/CLEAN-LUNGS-HERBAL-SPRAY5-150x150.jpg', 'https://rabeyaenterprise.com/wp-content/uploads/2023/10/CLEAN-LUNGS-HERBAL-SPRAY4-150x150.jpg', 'https://rabeyaenterprise.com/wp-content/uploads/2023/10/CLEAN-LUNGS-HERBAL-SPRAY2-150x150.jpg', 'https://rabeyaenterprise.com/wp-content/uploads/2023/10/CLEAN-LUNGS-HERBAL-SPRAY-150x150.jpg']",,,[],,False
liquid-insulating-rubber-coat.html,Liquid Insulating Rubber Coat,"['https://rabeyaenterprise.com/wp-content/uploads/2022/04/Liquid-Insulating-Rubber-Coat.jpg', 'https://rabeyaenterprise.com/wp-content/uploads/2022/04/Liquid-Insulating-Rubber-Coat4.jpg', 'https://rabeyaenterprise.com/wp-content/uploads/2022/04/Liquid-Insulating-Rubber-Coat3.jpg', 'https://rabeyaenterprise.com/wp-content/uploads/2022/04/Liquid-Insulating-Rubber-Coat2.jpg', 'https://rabeyaenterprise.com/wp-content/uploads/2022/04/Liquid-Insulating-Rubber-Coat-150x150.jpg', 'https://rabeyaenterprise.com/wp-content/uploads/2022/04/Liquid-Insulating-Rubber-Coat4-150x150.jpg', 'https://rabeyaenterprise.com/wp-content/uploads/2022/04/Liquid-Insulating-Rubber-Coat3-150x150.jpg', 'https://rabeyaenterprise.com/wp-content/uploads/2022/04/Liquid-Insulating-Rubber-Coat2-150x150.jpg']",Liquid Electrical Tape – Liquid Insulating Rubber Coat High Temperature Resistant Flame Retardant Glue For Indoor and Outdoor Use clever,,[],,False
pineapple-toothbrush-holder.html,Pineapple Toothbrush Holder,"['https://rabeyaenterprise.com/wp-content/uploads/2022/04/Pineapple-Toothbrush-Holder.jpg', 'https://rabeyaenterprise.com/wp-content/uploads/2022/04/Pineapple-Toothbrush-Holder6.jpg', 'https://rabeyaenterprise.com/wp-content/uploads/2022/04/Pineapple-Toothbrush-Holder5.jpg', 'https://rabeyaenterprise.com/wp-content/uploads/2022/04/Pineapple-Toothbrush-Holder4.jpg', 'https://rabeyaenterprise.com/wp-content/uploads/2022/04/Pineapple-Toothbrush-Holder3.jpg', 'https://rabeyaenterprise.com/wp-content/uploads/2022/04/Pineapple-Toothbrush-Holder2.jpg', 'https://rabeyaenterprise.com/wp-content/uploads/2022/04/Pineapple-Toothbrush-Holder-150x150.jpg', 'https://rabeyaenterprise.com/wp-content/uploads/2022/04/Pineapple-Toothbrush-Holder6-150x150.jpg', 'https://rabeyaenterprise.com/wp-content/uploads/2022/04/Pineapple-Toothbrush-Holder5-150x150.jpg', 'https://rabeyaenterprise.com/wp-content/uploads/2022/04/Pineapple-Toothbrush-Holder4-150x150.jpg', 'https://rabeyaenterprise.com/wp-content/uploads/2022/04/Pineapple-Toothbrush-Holder3-150x150.jpg', 'https://rabeyaenterprise.com/wp-content/uploads/2022/04/Pineapple-Toothbrush-Holder2-150x150.jpg']",Pineapple Toothbrush Holder Bathroom Shelf Rack Wall Hanging Comb No Glue Storage,,[],,False
portable-salon-nails-polisher.html,Salon Nails,"['https://rabeyaenterprise.com/wp-content/uploads/2023/09/Salon-Nails4.jpg', 'https://rabeyaenterprise.com/wp-content/uploads/2023/09/Salon-Nails5.jpg', 'https://rabeyaenterprise.com/wp-content/uploads/2023/09/Salon-Nails3.jpg', 'https://rabeyaenterprise.com/wp-content/uploads/2023/09/Salon-Nails2.jpg', 'https://rabeyaenterprise.com/wp-content/uploads/2023/09/Salon-Nails.jpg', 'https://rabeyaenterprise.com/wp-content/uploads/2023/09/Salon-Nails4-150x150.jpg', 'https://rabeyaenterprise.com/wp-content/uploads/2023/09/Salon-Nails5-150x150.jpg', 'https://rabeyaenterprise.com/wp-content/uploads/2023/09/Salon-Nails3-150x150.jpg', 'https://rabeyaenterprise.com/wp-content/uploads/2023/09/Salon-Nails2-150x150.jpg', 'https://rabeyaenterprise.com/wp-content/uploads/2023/09/Salon-Nails-150x150.jpg']",,,[],,False
air-cooler-fan.html,Air Cooler Fan,"['https://rabeyaenterprise.com/wp-content/uploads/2024/05/Air-Cooler-Fan-1.jpg', 'https://rabeyaenterprise.com/wp-content/uploads/2024/05/Air-Cooler-Fan-3.jpg', 'https://rabeyaenterprise.com/wp-content/uploads/2024/05/Air-Cooler-Fan-1-150x146.jpg', 'https://rabeyaenterprise.com/wp-content/uploads/2024/05/Air-Cooler-Fan-3-150x150.jpg']",★Product: Extonic Air Cooler Fan★Colour: Navy Blue.Green (Available) ✅★Features:• 7 colour light option•Power: 10W Max•Voltage: 5V,,[],,False
foldable-magic-stool.html,Foldable Magic Stool,"['https://rabeyaenterprise.com/wp-content/uploads/2025/11/Foldable-Magic-Stool-6.jpg', 'https://rabeyaenterprise.com/wp-content/uploads/2025/11/Foldable-Magic-Stool-5.jpg', 'https://rabeyaenterprise.com/wp-content/uploads/2025/11/Foldable-Magic-Stool-3.jpg', 'https://rabeyaenterprise.com/wp-content/uploads/2025/11/Foldable-Magic-Stool-1.jpg', 'https://rabeyaenterprise.com/wp-content/uploads/2025/10/Foldable-Magic-Stool-7.jpg', 'https://rabeyaenterprise.com/wp-content/uploads/2025/11/Foldable-Magic-Stool-2.jpg', 'https://rabeyaenterprise.com/wp-content/uploads/2025/11/Foldable-Magic-Stool-4.jpg', 'https://rabeyaenterprise.com/wp-content/uploads/2025/11/Foldable-Magic-Stool-1-1.jpg', 'https://rabeyaenterprise.com/wp-content/uploads/2025/11/Foldable-Magic-Stool-6-150x150.jpg', 'https://rabeyaenterprise.com/wp-content/uploads/2025/11/Foldable-Magic-Stool-5-150x150.jpg', 'https://rabeyaenterprise.com/wp-content/uploads/2025/11/Foldable-Magic-Stool-3-150x150.jpg', 'https://rabeyaenterprise.com/wp-content/uploads/2025/11/Foldable-Magic-Stool-1-150x150.jpg', 'https://rabeyaenterprise.com/wp-content/uploads/2025/10/Foldable-Magic-Stool-7-150x150.jpg', 'https://rabeyaenterprise.com/wp-content/uploads/2025/11/Foldable-Magic-Stool-2-150x150.jpg', 'https://rabeyaenterprise.com/wp-content/uploads/2025/11/Foldable-Magic-Stool-4-150x150.jpg', 'https://rabeyaenterprise.com/wp-content/uploads/2025/11/Foldable-Magic-Stool-1-1-150x150.jpg']",🔹 Space-saving design🔹 Durable and strong🔹 Portable and lightweight🔹 Non-slip legs🔹 Multi-purpose use,,[],,False
watch-ladies-brecelet-wrist.html,WATCH LADIES BRECELET Wrist,['https://rabeyaenterprise.com/wp-content/uploads/2023/08/LADIES-BRECELET-WATCH-2-F1.jpg'],Luxury Women Golden Stainless Steel Bracelet Watch,,[],,False
food-grinder-model-0924.html,Food Grinder Model -0924,"['https://rabeyaenterprise.com/wp-content/uploads/2025/07/Food-Grinder-Model-0924-3.jpg', 'https://rabeyaenterprise.com/wp-content/uploads/2025/07/Food-Grinder-Model-0924-2.jpg', 'https://rabeyaenterprise.com/wp-content/uploads/2025/07/Food-Grinder-Model-0924.jpg', 'https://rabeyaenterprise.com/wp-content/uploads/2025/07/Food-Grinder-Model-0924-3-150x150.jpg', 'https://rabeyaenterprise.com/wp-content/uploads/2025/07/Food-Grinder-Model-0924-2-150x150.jpg', 'https://rabeyaenterprise.com/wp-content/uploads/2025/07/Food-Grinder-Model-0924-150x150.jpg']",,,[],,False
iron-spice-rack.html,Iron Spice Rack,"['https://rabeyaenterprise.com/wp-content/uploads/2024/03/Wall-Decor-Multi-Purpuse-Kitchen-Rack-3.jpeg', 'https://rabeyaenterprise.com/wp-content/uploads/2024/03/Wall-Decor-Multi-Purpuse-Kitchen-Rack-2.jpeg', 'https://rabeyaenterprise.com/wp-content/uploads/2024/03/Wall-Decor-Multi-Purpuse-Kitchen-Rack-5.jpeg', 'https://rabeyaenterprise.com/wp-content/uploads/2024/03/Wall-Decor-Multi-Purpuse-Kitchen-Rack-1.jpeg', 'https://rabeyaenterprise.com/wp-content/uploads/2024/03/Wall-Decor-Multi-Purpuse-Kitchen-Rack-3-150x150.jpeg', 'https://rabeyaenterprise.com/wp-content/uploads/2024/03/Wall-Decor-Multi-Purpuse-Kitchen-Rack-2-150x150.jpeg', 'https://rabeyaenterprise.com/wp-content/uploads/2024/03/Wall-Decor-Multi-Purpuse-Kitchen-Rack-5-150x150.jpeg', 'https://rabeyaenterprise.com/wp-content/uploads/2024/03/Wall-Decor-Multi-Purpuse-Kitchen-Rack-1-150x150.jpeg']",,,[],,False
black-circle-locket.html,BLACK CIRCLE LOCKET,"['https://rabeyaenterprise.com/wp-content/uploads/2023/10/BLACK-CIRCLE-LOCKET4.jpg', 'https://rabeyaenterprise.com/wp-content/uploads/2023/10/BLACK-CIRCLE-LOCKET5.jpg', 'https://rabeyaenterprise.com/wp-content/uploads/2023/10/BLACK-CIRCLE-LOCKET3.jpg', 'https://rabeyaenterprise.com/wp-content/uploads/2023/10/BLACK-CIRCLE-LOCKET2.jpg', 'https://rabeyaenterprise.com/wp-content/uploads/2023/10/BLACK-CIRCLE-LOCKET.jpg', 'https://rabeyaenterprise.com/wp-content/uploads/2023/10/BLACK-CIRCLE-LOCKET4-150x150.jpg', 'https://rabeyaenterprise.com/wp-content/uploads/2023/10/BLACK-CIRCLE-LOCKET5-150x150.jpg', 'https://rabeyaenterprise.com/wp-content/uploads/2023/10/BLACK-CIRCLE-LOCKET3-150x150.jpg', 'https://rabeyaenterprise.com/wp-content/uploads/2023/10/BLACK-CIRCLE-LOCKET2-150x150.jpg', 'https://rabeyaenterprise.com/wp-content/uploads/2023/10/BLACK-CIRCLE-LOCKET-150x150.jpg']",,,[],,False
butterfly-gold-plate-locket-necklace.html,Butterfly Gold Plate Locket Necklace,"['https://rabeyaenterprise.com/wp-content/uploads/2022/04/Butterfly-Gold-Plate-Locket-Necklace.jpg', 'https://rabeyaenterprise.com/wp-content/uploads/2022/04/Butterfly-Gold-Plate-Locket-Necklace-150x150.jpg']","Butterfly Necklace,Gold Plated Brass, Butterfly Pendant, Minimalist Jewelry, Fashion Jewelry",,[],,False
quran-box-with-hanger.html,Quran Box With Tasbih Hanger,"['https://rabeyaenterprise.com/wp-content/uploads/2024/12/Quran-Box-With-Tasbih-Hanger2.jpg', 'https://rabeyaenterprise.com/wp-content/uploads/2024/12/quran.jpg', 'https://rabeyaenterprise.com/wp-content/uploads/2024/12/Quran-Box-With-Tasbih-Hanger.jpg', 'https://rabeyaenterprise.com/wp-content/uploads/2024/12/Quran-Box-With-Tasbih-Hanger2-150x150.jpg', 'https://rabeyaenterprise.com/wp-content/uploads/2024/12/quran-150x150.jpg', 'https://rabeyaenterprise.com/wp-content/uploads/2024/12/Quran-Box-With-Tasbih-Hanger-150x150.jpg']",,,[],,False
active-shield.html,ACTIVE SHIELD FACE GLASS MASK,"['https://rabeyaenterprise.com/wp-content/uploads/2022/06/ACTIVE-SHIELD-FACE-GLASS-MASK1.jpg', 'https://rabeyaenterprise.com/wp-content/uploads/2022/06/ACTIVE-SHIELD-FACE-GLASS-MASK3.jpg', 'https://rabeyaenterprise.com/wp-content/uploads/2022/06/ACTIVE-SHIELD-FACE-GLASS-MASK2.jpg', 'https://rabeyaenterprise.com/wp-content/uploads/2022/06/ACTIVE-SHIELD-FACE-GLASS-MASK1-150x150.jpg', 'https://rabeyaenterprise.com/wp-content/uploads/2022/06/ACTIVE-SHIELD-FACE-GLASS-MASK3-150x150.jpg', 'https://rabeyaenterprise.com/wp-content/uploads/2022/06/ACTIVE-SHIELD-FACE-GLASS-MASK2-150x150.jpg']",Hybrid ACTIVE SHIELD High quality Unisex Oversized acrylic full face shield Eye,,[],,False
portable-folding-under-bed-shoes-organizer.html,Portable Folding Under Bed Shoes Organizer,"['https://rabeyaenterprise.com/wp-content/uploads/2023/01/PORTABLE-FOLDING-UNDER-BED-SHOES-ORGANIZER-F1.jpg', 'https://rabeyaenterprise.com/wp-content/uploads/2023/01/PORTABLE-FOLDING-UNDER-BED-SHOES-ORGANIZER-F3.jpg', 'https://rabeyaenterprise.com/wp-content/uploads/2023/01/PORTABLE-FOLDING-UNDER-BED-SHOES-ORGANIZER-F2.jpg', 'https://rabeyaenterprise.com/wp-content/uploads/2023/01/PORTABLE-FOLDING-UNDER-BED-SHOES-ORGANIZER-F1-150x150.jpg', 'https://rabeyaenterprise.com/wp-content/uploads/2023/01/PORTABLE-FOLDING-UNDER-BED-SHOES-ORGANIZER-F3-150x150.jpg', 'https://rabeyaenterprise.com/wp-content/uploads/2023/01/PORTABLE-FOLDING-UNDER-BED-SHOES-ORGANIZER-F2-150x150.jpg']",Foldable Storage Bag Portable Dust-Proof Moisture-Proof Quilt Clothe Organizer,,[],,False
mouse-trap-clip.html,Mouse Trap Clip,"['https://rabeyaenterprise.com/wp-content/uploads/2022/12/Mouse-Trap-Clip-F1.jpg', 'https://rabeyaenterprise.com/wp-content/uploads/2022/12/Mouse-Trap-Clip-F3.jpg', 'https://rabeyaenterprise.com/wp-content/uploads/2022/12/Mouse-Trap-Clip-F5.jpg', 'https://rabeyaenterprise.com/wp-content/uploads/2022/12/Mouse-Trap-Clip-F1-150x150.jpg', 'https://rabeyaenterprise.com/wp-content/uploads/2022/12/Mouse-Trap-Clip-F3-150x150.jpg', 'https://rabeyaenterprise.com/wp-content/uploads/2022/12/Mouse-Trap-Clip-F5-150x150.jpg']","উচ্চ মানের ABS উপাদান, শক্তিশালী এবং পরিধানযোগ্য, দীর্ঘ সময় ধরে ব্যবহার উপযোগী।অতি-উচ্চ সংবেদনশীল, ডাবল স্প্রিং সহ, দ্রুত প্রতিক্রিয়াশিল।ব্যবহার করা সহজ, বারবার ব্যবহার করা যায়।COLOUR AVAILABLE : BLACK",,[],,False
baby-walker-520-rubber.html,BABY WALKER-520 (Rubber),"['https://rabeyaenterprise.com/wp-content/uploads/2021/08/BABY-WALKER-520-Rubber.jpg', 'https://rabeyaenterprise.com/wp-content/uploads/2021/08/BABY-WALKER-520-Rubber-150x150.jpg']","Rubber Wheel, Music, No Break",,[],,False
multi-layer-kitchen-storage-rack.html,5 Layer Round Shape Kitchen Rack,"['https://rabeyaenterprise.com/wp-content/uploads/2023/11/5-layer-round-kitchen-rack.jpg', 'https://rabeyaenterprise.com/wp-content/uploads/2023/11/5-layer-round-kitchen-rack-3.jpg', 'https://rabeyaenterprise.com/wp-content/uploads/2023/11/5-layer-kitchen-rack-2.jpg', 'https://rabeyaenterprise.com/wp-content/uploads/2023/11/5-Layer-Round-Shape-Kitchen-Rack.jpg', 'https://rabeyaenterprise.com/wp-content/uploads/2023/11/5-Layer-Round-Shape-Kitchen-Rack04.jpg', 'https://rabeyaenterprise.com/wp-content/uploads/2023/11/5-layer-round-kitchen-rack-150x150.jpg', 'https://rabeyaenterprise.com/wp-content/uploads/2023/11/5-layer-round-kitchen-rack-3-150x150.jpg', 'https://rabeyaenterprise.com/wp-content/uploads/2023/11/5-layer-kitchen-rack-2-150x150.jpg', 'https://rabeyaenterprise.com/wp-content/uploads/2023/11/5-Layer-Round-Shape-Kitchen-Rack-150x150.jpg', 'https://rabeyaenterprise.com/wp-content/uploads/2023/11/5-Layer-Round-Shape-Kitchen-Rack04-150x150.jpg']",আপনার কিচেনের জিনিসপত্র এলোমেলো না রেখে একটি রেকে গুছিয়ে রাখতে পারেন। সব কীছোসারা দেশে আমরা দিচ্ছি ১০০% অরিজিনাল প্রোডাক্ট।রান্নাঘর সুন্দর ও পরিপাটি রাখতে পারবেন।COLOUR AVAILABLE: BLACK,,[],,False
folding-cloth-shoe-rack-9-layer.html,9 Layer Shoe Rack,"['https://rabeyaenterprise.com/wp-content/uploads/2025/08/9-layer-shoe-rack-1.jpg', 'https://rabeyaenterprise.com/wp-content/uploads/2025/08/9-Layer-Shoe-Rack2.jpg', 'https://rabeyaenterprise.com/wp-content/uploads/2025/08/9-Layer-Shoe-Rack.jpg', 'https://rabeyaenterprise.com/wp-content/uploads/2025/08/9-layer-shoe-rack-1-150x150.jpg', 'https://rabeyaenterprise.com/wp-content/uploads/2025/08/9-Layer-Shoe-Rack2-150x150.jpg', 'https://rabeyaenterprise.com/wp-content/uploads/2025/08/9-Layer-Shoe-Rack-150x150.jpg']",✅ 9 layers for ample storage✅ Durable steel frame with fabric cover✅ Dustproof and easy to clean✅ Lightweight & portable✅ Ideal for small apartments or family homes,,[],,False
g-light.html,Smart Light Sound Machine G Shape,"['https://rabeyaenterprise.com/wp-content/uploads/2024/02/G-light-3.jpg', 'https://rabeyaenterprise.com/wp-content/uploads/2024/02/G-light-4.jpg', 'https://rabeyaenterprise.com/wp-content/uploads/2024/02/G-light-2.jpg', 'https://rabeyaenterprise.com/wp-content/uploads/2024/02/G-light-3-150x150.jpg', 'https://rabeyaenterprise.com/wp-content/uploads/2024/02/G-light-4-150x150.jpg', 'https://rabeyaenterprise.com/wp-content/uploads/2024/02/G-light-2-150x150.jpg']",,,[],,False
ayatul-kursi-necklace.html,Ayatul Kursi Necklace,['https://rabeyaenterprise.com/wp-content/uploads/2022/09/Ayatul-Kursi-Necklace.jpg'],Ayatul kursi necklace Gold Plated Islamic Arab Muslim Allah Necklace,,[],,False
hair-dryer-innovative-black-technology.html,Hair Dryer Innovative Black Technology,"['https://rabeyaenterprise.com/wp-content/uploads/2023/09/Hair-Dryer-Innovative-Black-Technology2.jpg', 'https://rabeyaenterprise.com/wp-content/uploads/2023/09/Hair-Dryer-Innovative-Black-Technology4.jpg', 'https://rabeyaenterprise.com/wp-content/uploads/2023/09/Hair-Dryer-Innovative-Black-Technology3.jpg', 'https://rabeyaenterprise.com/wp-content/uploads/2023/09/Hair-Dryer-Innovative-Black-Technology.jpg', 'https://rabeyaenterprise.com/wp-content/uploads/2023/09/Hair-Dryer-Innovative-Black-Technology2-150x150.jpg', 'https://rabeyaenterprise.com/wp-content/uploads/2023/09/Hair-Dryer-Innovative-Black-Technology4-150x150.jpg', 'https://rabeyaenterprise.com/wp-content/uploads/2023/09/Hair-Dryer-Innovative-Black-Technology3-150x150.jpg', 'https://rabeyaenterprise.com/wp-content/uploads/2023/09/Hair-Dryer-Innovative-Black-Technology-150x150.jpg']",,,[],,False
20-grid-egg-box.html,20 GRID EGG STORAG BOX,"['https://rabeyaenterprise.com/wp-content/uploads/2023/10/20-Grid-Egg-Box-F1.jpg', 'https://rabeyaenterprise.com/wp-content/uploads/2023/10/20-Grid-Egg-Box-F5.jpg', 'https://rabeyaenterprise.com/wp-content/uploads/2023/10/20-Grid-Egg-Box-F4.jpg', 'https://rabeyaenterprise.com/wp-content/uploads/2023/10/20-Grid-Egg-Box-F3.jpg', 'https://rabeyaenterprise.com/wp-content/uploads/2023/10/20-Grid-Egg-Box-F2.jpg', 'https://rabeyaenterprise.com/wp-content/uploads/2023/10/20-Grid-Egg-Box-F1-150x150.jpg', 'https://rabeyaenterprise.com/wp-content/uploads/2023/10/20-Grid-Egg-Box-F5-150x150.jpg', 'https://rabeyaenterprise.com/wp-content/uploads/2023/10/20-Grid-Egg-Box-F4-150x150.jpg', 'https://rabeyaenterprise.com/wp-content/uploads/2023/10/20-Grid-Egg-Box-F3-150x150.jpg', 'https://rabeyaenterprise.com/wp-content/uploads/2023/10/20-Grid-Egg-Box-F2-150x150.jpg']",,,[],,False
bonnet-hood-hair-dryer-attachment.html,Hair Dryer Attachment Bonnet Hood,['https://rabeyaenterprise.com/wp-content/uploads/2021/09/Hair-Dryer-Attachment-Bonnet-Hood.jpg'],Bonnet Hood Hair Dryer Attachment Adjustable Extra Large Hat with Extended Hose,,[],,False
watch-wiilaa-polygonal-leather-0811.html,WATCH WIILAA POLYGONAL LEATHER 0811,"['https://rabeyaenterprise.com/wp-content/uploads/2023/10/WATCH-WIILAA-POLYGONAL-LEATHER-0811.jpg', 'https://rabeyaenterprise.com/wp-content/uploads/2023/10/WATCH-WIILAA-POLYGONAL-LEATHER-0811-3.jpg', 'https://rabeyaenterprise.com/wp-content/uploads/2023/10/WATCH-WIILAA-POLYGONAL-LEATHER-0811-2.jpg', 'https://rabeyaenterprise.com/wp-content/uploads/2023/10/WATCH-WIILAA-POLYGONAL-LEATHER-0811-150x150.jpg', 'https://rabeyaenterprise.com/wp-content/uploads/2023/10/WATCH-WIILAA-POLYGONAL-LEATHER-0811-3-150x150.jpg', 'https://rabeyaenterprise.com/wp-content/uploads/2023/10/WATCH-WIILAA-POLYGONAL-LEATHER-0811-2-150x150.jpg']",,,[],,False
nano-mist-spray.html,Nano Mist-Spray,"['https://rabeyaenterprise.com/wp-content/uploads/2023/11/Nano-Mist-Spray2.jpg', 'https://rabeyaenterprise.com/wp-content/uploads/2023/11/Nano-Mist-Spray.jpg', 'https://rabeyaenterprise.com/wp-content/uploads/2023/11/Nano-Mist-Spray2-150x150.jpg', 'https://rabeyaenterprise.com/wp-content/uploads/2023/11/Nano-Mist-Spray-150x150.jpg']",,,[],,False
key-ring-phone-number-plate.html,Key Ring Phone Number Plate,"['https://rabeyaenterprise.com/wp-content/uploads/2022/04/Key-Ring-Phone-Number-Plate-F5.jpg', 'https://rabeyaenterprise.com/wp-content/uploads/2022/04/Key-Ring-Phone-Number-Plate-F4.jpg', 'https://rabeyaenterprise.com/wp-content/uploads/2022/04/Key-Ring-Phone-Number-Plate-F2.jpg', 'https://rabeyaenterprise.com/wp-content/uploads/2022/04/Key-Ring-Phone-Number-Plate-F3.jpg', 'https://rabeyaenterprise.com/wp-content/uploads/2022/04/Key-Ring-Phone-Number-Plate-F1-1.jpg', 'https://rabeyaenterprise.com/wp-content/uploads/2022/04/Key-Ring-Phone-Number-Plate-F5-150x150.jpg', 'https://rabeyaenterprise.com/wp-content/uploads/2022/04/Key-Ring-Phone-Number-Plate-F4-150x150.jpg', 'https://rabeyaenterprise.com/wp-content/uploads/2022/04/Key-Ring-Phone-Number-Plate-F2-150x150.jpg', 'https://rabeyaenterprise.com/wp-content/uploads/2022/04/Key-Ring-Phone-Number-Plate-F3-150x150.jpg', 'https://rabeyaenterprise.com/wp-content/uploads/2022/04/Key-Ring-Phone-Number-Plate-F1-1-150x150.jpg']",Anti-lost Car Keychain Pendant Metal Key Rings Phone Number Plate Lock Key Ring Auto Vehicle For Car Interior Key Chain Keyring,,[],,False
data-cable-set-with-60w-fast-charging.html,Data Cable Set with 60W Fast Charging,"['https://rabeyaenterprise.com/wp-content/uploads/2025/06/Data-Cable-Set-with-60W-Fast-Charging.webp', 'https://rabeyaenterprise.com/wp-content/uploads/2023/09/Data-Cable-Set-with-60W-Fast-Charging.jpg', 'https://rabeyaenterprise.com/wp-content/uploads/2025/06/Data-Cable-Set-with-60W-Fast-Charging-150x150.webp', 'https://rabeyaenterprise.com/wp-content/uploads/2023/09/Data-Cable-Set-with-60W-Fast-Charging-150x150.jpg']",,,[],,False
5-layer-shoe-rack.html,5 Layer shoe rack,"['https://rabeyaenterprise.com/wp-content/uploads/2024/01/5-Layer-SHoe-Rack.jpg', 'https://rabeyaenterprise.com/wp-content/uploads/2024/01/5-Layer-SHoe-Rack-2.jpg', 'https://rabeyaenterprise.com/wp-content/uploads/2024/01/5-Layer-shoe-rack-9.jpg', 'https://rabeyaenterprise.com/wp-content/uploads/2024/01/5-Layer-shoe-rack-8.jpg', 'https://rabeyaenterprise.com/wp-content/uploads/2024/01/5-Layer-SHoe-Rack-150x150.jpg', 'https://rabeyaenterprise.com/wp-content/uploads/2024/01/5-Layer-SHoe-Rack-2-150x150.jpg', 'https://rabeyaenterprise.com/wp-content/uploads/2024/01/5-Layer-shoe-rack-9-150x150.jpg', 'https://rabeyaenterprise.com/wp-content/uploads/2024/01/5-Layer-shoe-rack-8-150x150.jpg']","COLOUR AVAILABLE ঃ LEMON, ORANGE ,BLUE✅ ঘরে কিংবা বাহিরে জুতা এলোমেলো হয়ে থাকে? তাহলে ব্যবহার করুন ৫ লেয়ারের শো-রেক✅ পাঁচটি তাক বিশিষ্ট তাই একসাথে অনেকগুলো জুতা গুছিয়ে রাখতে পারবেন।✅ সুন্দর এবং আকর্ষণীয় ডিজাইন✅ হাই কোয়ালিটি প্লাস্টিক ম্যাটারিয়াল দীর্ঘদিন ব্যবহার করতে পারবেন।✅ ওজনে হালকা তাই সহজে স্থান পরিবর্তন করতে পারবেন।ফোনে অর্ডার করুন:Call/Inbox for order- +8801865051341 (WhatsApp)",,[],,False
high-chair-218.html,HIGH CHAIR -218,"['https://rabeyaenterprise.com/wp-content/uploads/2025/08/High-chair-2018.jpg', 'https://rabeyaenterprise.com/wp-content/uploads/2025/08/High-chair-2018-3.jpg', 'https://rabeyaenterprise.com/wp-content/uploads/2025/08/High-chair-2018-2.jpg', 'https://rabeyaenterprise.com/wp-content/uploads/2025/08/High-chair-2018-150x150.jpg', 'https://rabeyaenterprise.com/wp-content/uploads/2025/08/High-chair-2018-3-150x150.jpg', 'https://rabeyaenterprise.com/wp-content/uploads/2025/08/High-chair-2018-2-150x150.jpg']",Baby High Chair BBH-218Material:PlasticColour:MulticolorCountry of Origin:China,,['Moms & Kids'],,False
small-charging-bag.html,Small Charging Bag,['https://rabeyaenterprise.com/wp-content/uploads/2021/08/Small-Charging-Bag-F1.png'],Men’s Leather Shoulder Chest Sling Bag,,[],,False
super-vegetable-cutter.html,Super Vegetable Cutter,"['https://rabeyaenterprise.com/wp-content/uploads/2021/08/Super-Vegetable-Cutter.jpg', 'https://rabeyaenterprise.com/wp-content/uploads/2021/08/Super-Vegetable-Cutter2.jpg', 'https://rabeyaenterprise.com/wp-content/uploads/2021/08/Super-Vegetable-Cutter-150x150.jpg', 'https://rabeyaenterprise.com/wp-content/uploads/2021/08/Super-Vegetable-Cutter2-150x150.jpg']",সারাদেশব্যপীহোলসেল প্রাইজ এ ডেলিভারি করে থাকি। সর্বনিম্ন অর্ডার ১ কার্টোন। পণ্যেরমুল্যের সাথে ডেলিভারি চার্জ ও কুরিয়ার চার্জ যোগ হবে। 40%টাকা অগ্রিমদিতে হবে।আপনার চাহিদা অনুযায়ী কাস্টম অর্ডার ও তৈরি করতে পারেন। কাস্টম অর্ডার তৈরি করতে “Custom Order” বাটনে ক্লিক করুন।,,[],,False
wallmounted-kitchen-rack-knife-holder.html,Wallmounted Kitchen Rack Knife Holder,"['https://rabeyaenterprise.com/wp-content/uploads/2021/10/Wallmounted-Kitchen-Rack-Knife-Holder2.jpg', 'https://rabeyaenterprise.com/wp-content/uploads/2021/10/Wallmounted-Kitchen-Rack-Knife-Holder.webp', 'https://rabeyaenterprise.com/wp-content/uploads/2021/10/Wallmounted-Kitchen-Rack-Knife-Holder2-150x150.jpg', 'https://rabeyaenterprise.com/wp-content/uploads/2021/10/Wallmounted-Kitchen-Rack-Knife-Holder-150x150.webp']",Wall Knife Holder Kitchen Counter Organization Knife Block Kitchen Knife Rack Wall Organizer with 8 Hooks for Hanging Knives,,[],,False
multifunctional-cleaning-brush.html,Multifunctional Cleaning Brush,"['https://rabeyaenterprise.com/wp-content/uploads/2023/10/Multifunctional-Cleaning-Brush.jpg', 'https://rabeyaenterprise.com/wp-content/uploads/2023/10/Multifunctional-Cleaning-Brush5.jpg', 'https://rabeyaenterprise.com/wp-content/uploads/2023/10/Multifunctional-Cleaning-Brush4.jpg', 'https://rabeyaenterprise.com/wp-content/uploads/2023/10/Multifunctional-Cleaning-Brush3.jpg', 'https://rabeyaenterprise.com/wp-content/uploads/2023/10/Multifunctional-Cleaning-Brush2.jpg', 'https://rabeyaenterprise.com/wp-content/uploads/2023/10/Multifunctional-Cleaning-Brush-150x150.jpg', 'https://rabeyaenterprise.com/wp-content/uploads/2023/10/Multifunctional-Cleaning-Brush5-150x150.jpg', 'https://rabeyaenterprise.com/wp-content/uploads/2023/10/Multifunctional-Cleaning-Brush4-150x150.jpg', 'https://rabeyaenterprise.com/wp-content/uploads/2023/10/Multifunctional-Cleaning-Brush3-150x150.jpg', 'https://rabeyaenterprise.com/wp-content/uploads/2023/10/Multifunctional-Cleaning-Brush2-150x150.jpg']",,,[],,False
instant-pain-free-hair-remover.html,Instant Pain Free Hair Remover,"['https://rabeyaenterprise.com/wp-content/uploads/2023/11/Instant-Pain-Free-Hair-Remover2.jpg', 'https://rabeyaenterprise.com/wp-content/uploads/2023/11/Instant-Pain-Free-Hair-Remover4.jpg', 'https://rabeyaenterprise.com/wp-content/uploads/2023/11/Instant-Pain-Free-Hair-Remover3.jpg', 'https://rabeyaenterprise.com/wp-content/uploads/2023/11/Instant-Pain-Free-Hair-Remover.jpg', 'https://rabeyaenterprise.com/wp-content/uploads/2023/11/Instant-Pain-Free-Hair-Remover2-150x150.jpg', 'https://rabeyaenterprise.com/wp-content/uploads/2023/11/Instant-Pain-Free-Hair-Remover4-150x150.jpg', 'https://rabeyaenterprise.com/wp-content/uploads/2023/11/Instant-Pain-Free-Hair-Remover3-150x150.jpg', 'https://rabeyaenterprise.com/wp-content/uploads/2023/11/Instant-Pain-Free-Hair-Remover-150x150.jpg']",,,[],,False
hot-water-vacuum-flask.html,HOT WATER Vacuum Flask,"['https://rabeyaenterprise.com/wp-content/uploads/2023/11/HOT-WATER-Vacuum-Flask.jpg', 'https://rabeyaenterprise.com/wp-content/uploads/2023/11/HOT-WATER-Vacuum-Flask6.jpg', 'https://rabeyaenterprise.com/wp-content/uploads/2023/11/HOT-WATER-Vacuum-Flask5.jpg', 'https://rabeyaenterprise.com/wp-content/uploads/2023/11/HOT-WATER-Vacuum-Flask4.jpg', 'https://rabeyaenterprise.com/wp-content/uploads/2023/11/HOT-WATER-Vacuum-Flask3.jpg', 'https://rabeyaenterprise.com/wp-content/uploads/2023/11/HOT-WATER-Vacuum-Flask2.jpg', 'https://rabeyaenterprise.com/wp-content/uploads/2023/11/HOT-WATER-Vacuum-Flask-150x150.jpg', 'https://rabeyaenterprise.com/wp-content/uploads/2023/11/HOT-WATER-Vacuum-Flask6-150x150.jpg', 'https://rabeyaenterprise.com/wp-content/uploads/2023/11/HOT-WATER-Vacuum-Flask5-150x150.jpg', 'https://rabeyaenterprise.com/wp-content/uploads/2023/11/HOT-WATER-Vacuum-Flask4-150x150.jpg', 'https://rabeyaenterprise.com/wp-content/uploads/2023/11/HOT-WATER-Vacuum-Flask3-150x150.jpg', 'https://rabeyaenterprise.com/wp-content/uploads/2023/11/HOT-WATER-Vacuum-Flask2-150x150.jpg']",,,[],,False
electric-massage-belt.html,Electric Massage Belt,['https://rabeyaenterprise.com/wp-content/uploads/2021/08/Electric-Massage-Belt.jpg'],,,[],,False
folding-reading-table.html,FOLDING BABY DESK,"['https://rabeyaenterprise.com/wp-content/uploads/2023/05/Baby-Folding-Reading-Table-Lap-Desk-F5.jpg', 'https://rabeyaenterprise.com/wp-content/uploads/2025/10/Foldabl-baby-desk.jpg', 'https://rabeyaenterprise.com/wp-content/uploads/2023/05/Baby-Folding-Reading-Table-Lap-Desk-F4.jpg', 'https://rabeyaenterprise.com/wp-content/uploads/2023/05/Baby-Folding-Reading-Table-Lap-Desk-F7.jpg', 'https://rabeyaenterprise.com/wp-content/uploads/2023/05/Baby-Folding-Reading-Table-Lap-Desk-F8.jpg', 'https://rabeyaenterprise.com/wp-content/uploads/2023/05/Baby-Folding-Reading-Table-Lap-Desk-F6.jpg', 'https://rabeyaenterprise.com/wp-content/uploads/2023/05/Baby-Folding-Reading-Table-Lap-Desk-F2.jpg', 'https://rabeyaenterprise.com/wp-content/uploads/2023/05/Baby-Folding-Reading-Table-Lap-Desk-F1.jpg', 'https://rabeyaenterprise.com/wp-content/uploads/2023/05/Baby-Folding-Reading-Table-Lap-Desk-F3.jpg', 'https://rabeyaenterprise.com/wp-content/uploads/2023/05/Baby-Folding-Reading-Table-Lap-Desk-F5-150x150.jpg', 'https://rabeyaenterprise.com/wp-content/uploads/2025/10/Foldabl-baby-desk-150x150.jpg', 'https://rabeyaenterprise.com/wp-content/uploads/2023/05/Baby-Folding-Reading-Table-Lap-Desk-F4-150x150.jpg', 'https://rabeyaenterprise.com/wp-content/uploads/2023/05/Baby-Folding-Reading-Table-Lap-Desk-F7-150x150.jpg', 'https://rabeyaenterprise.com/wp-content/uploads/2023/05/Baby-Folding-Reading-Table-Lap-Desk-F8-150x150.jpg', 'https://rabeyaenterprise.com/wp-content/uploads/2023/05/Baby-Folding-Reading-Table-Lap-Desk-F6-150x150.jpg', 'https://rabeyaenterprise.com/wp-content/uploads/2023/05/Baby-Folding-Reading-Table-Lap-Desk-F2-150x150.jpg', 'https://rabeyaenterprise.com/wp-content/uploads/2023/05/Baby-Folding-Reading-Table-Lap-Desk-F1-150x150.jpg', 'https://rabeyaenterprise.com/wp-content/uploads/2023/05/Baby-Folding-Reading-Table-Lap-Desk-F3-150x150.jpg']",Folding Lap Desk Portable Desk Multi Utility Compact Desk,,[],,False
sunflower-locket.html,SUNFLOWER LOCKET,"['https://rabeyaenterprise.com/wp-content/uploads/2023/10/SUNFLOWER-LOCKET.jpg', 'https://rabeyaenterprise.com/wp-content/uploads/2023/10/SUNFLOWER-LOCKET5.jpg', 'https://rabeyaenterprise.com/wp-content/uploads/2023/10/SUNFLOWER-LOCKET4.jpg', 'https://rabeyaenterprise.com/wp-content/uploads/2023/10/SUNFLOWER-LOCKET3.jpg', 'https://rabeyaenterprise.com/wp-content/uploads/2023/10/SUNFLOWER-LOCKET2.jpg', 'https://rabeyaenterprise.com/wp-content/uploads/2023/10/SUNFLOWER-LOCKET-150x150.jpg', 'https://rabeyaenterprise.com/wp-content/uploads/2023/10/SUNFLOWER-LOCKET5-150x150.jpg', 'https://rabeyaenterprise.com/wp-content/uploads/2023/10/SUNFLOWER-LOCKET4-150x150.jpg', 'https://rabeyaenterprise.com/wp-content/uploads/2023/10/SUNFLOWER-LOCKET3-150x150.jpg', 'https://rabeyaenterprise.com/wp-content/uploads/2023/10/SUNFLOWER-LOCKET2-150x150.jpg']",,,[],,False
fashion-hair-dryer.html,Fashion Hair Dry,"['https://rabeyaenterprise.com/wp-content/uploads/2025/04/Fashion-hair-dryer.jpg', 'https://rabeyaenterprise.com/wp-content/uploads/2025/04/Fashion-hair-dryer2.jpg', 'https://rabeyaenterprise.com/wp-content/uploads/2025/04/Fashion-hair-dryer3.jpg', 'https://rabeyaenterprise.com/wp-content/uploads/2025/04/Fashion-hair-dryer-150x150.jpg', 'https://rabeyaenterprise.com/wp-content/uploads/2025/04/Fashion-hair-dryer2-150x150.jpg', 'https://rabeyaenterprise.com/wp-content/uploads/2025/04/Fashion-hair-dryer3-150x150.jpg']",,,[],,False
massage-gun.html,Massage Gun (Mini),"['https://rabeyaenterprise.com/wp-content/uploads/2023/09/Massage-Gun-1.jpg', 'https://rabeyaenterprise.com/wp-content/uploads/2023/09/Massage-Gun2.jpg', 'https://rabeyaenterprise.com/wp-content/uploads/2023/09/Massage-Gun.jpg', 'https://rabeyaenterprise.com/wp-content/uploads/2023/09/Massage-Gun-1-150x150.jpg', 'https://rabeyaenterprise.com/wp-content/uploads/2023/09/Massage-Gun2-150x150.jpg', 'https://rabeyaenterprise.com/wp-content/uploads/2023/09/Massage-Gun-150x150.jpg']",,,[],,False
watch-olevs-women-6642.html,Watch OLEVS Women 6642,"['https://rabeyaenterprise.com/wp-content/uploads/2023/01/OLEVS-6642-Women-Watches-F4.jpg', 'https://rabeyaenterprise.com/wp-content/uploads/2023/01/OLEVS-6642-Women-Watches-F3.jpg', 'https://rabeyaenterprise.com/wp-content/uploads/2023/01/OLEVS-6642-Women-Watches-F1.jpg', 'https://rabeyaenterprise.com/wp-content/uploads/2023/01/OLEVS-6642-Women-Watches-F4-150x150.jpg', 'https://rabeyaenterprise.com/wp-content/uploads/2023/01/OLEVS-6642-Women-Watches-F3-150x150.jpg', 'https://rabeyaenterprise.com/wp-content/uploads/2023/01/OLEVS-6642-Women-Watches-F1-150x150.jpg']",OLEVS 6642 Watch For Women Elegant Ladies Fashion Casual Quartz Women’s Butterfly Double Button Buckle Diamond Glass Watch Solid Stainless Steel Bracelet,,[],,False
egg-dispenser-tray.html,Refrigerator Egg Dispenser Tray,"['https://rabeyaenterprise.com/wp-content/uploads/2024/08/EGG-DESPANSOR-TRAY-1.jpeg', 'https://rabeyaenterprise.com/wp-content/uploads/2025/10/Egg-Dispenser-Tray.jpg', 'https://rabeyaenterprise.com/wp-content/uploads/2024/08/EGG-DESPANSOR-TRAY-2.jpeg', 'https://rabeyaenterprise.com/wp-content/uploads/2024/08/EGG-DESPANSOR-TRAY-3.jpeg', 'https://rabeyaenterprise.com/wp-content/uploads/2024/08/EGG-DESPANSOR-TRAY-4.jpeg', 'https://rabeyaenterprise.com/wp-content/uploads/2024/08/EGG-DESPANSOR-TRAY-5.jpeg', 'https://rabeyaenterprise.com/wp-content/uploads/2024/08/EGG-DESPANSOR-TRAY-1-150x134.jpeg', 'https://rabeyaenterprise.com/wp-content/uploads/2025/10/Egg-Dispenser-Tray-150x150.jpg', 'https://rabeyaenterprise.com/wp-content/uploads/2024/08/EGG-DESPANSOR-TRAY-2-150x156.jpeg', 'https://rabeyaenterprise.com/wp-content/uploads/2024/08/EGG-DESPANSOR-TRAY-3-150x159.jpeg', 'https://rabeyaenterprise.com/wp-content/uploads/2024/08/EGG-DESPANSOR-TRAY-4-150x150.jpeg', 'https://rabeyaenterprise.com/wp-content/uploads/2024/08/EGG-DESPANSOR-TRAY-5-150x150.jpeg']",,,[],,False
multi-functional-360-clothes-hanger.html,Smart Clothes Hanger,"['https://rabeyaenterprise.com/wp-content/uploads/2021/08/Smart-Clothes-Hanger.jpg', 'https://rabeyaenterprise.com/wp-content/uploads/2021/08/Smart-Clothes-Hanger2.jpg', 'https://rabeyaenterprise.com/wp-content/uploads/2021/08/Smart-Clothes-Hanger-150x150.jpg', 'https://rabeyaenterprise.com/wp-content/uploads/2021/08/Smart-Clothes-Hanger2-150x150.jpg']",8 In 1 Multi-function Magic Scalable Folding 360 Degrees Can Rotate Clothes Hanger,,[],,False
ems-foot-massager-pad.html,Ems Foot Massager,"['https://rabeyaenterprise.com/wp-content/uploads/2023/08/Ems-Foot-Massager.jpg', 'https://rabeyaenterprise.com/wp-content/uploads/2023/08/Ems-Foot-Massager4.jpg', 'https://rabeyaenterprise.com/wp-content/uploads/2023/08/Ems-Foot-Massager3.jpg', 'https://rabeyaenterprise.com/wp-content/uploads/2023/08/Ems-Foot-Massager2.jpg', 'https://rabeyaenterprise.com/wp-content/uploads/2023/08/Ems-Foot-Massager-150x150.jpg', 'https://rabeyaenterprise.com/wp-content/uploads/2023/08/Ems-Foot-Massager4-150x150.jpg', 'https://rabeyaenterprise.com/wp-content/uploads/2023/08/Ems-Foot-Massager3-150x150.jpg', 'https://rabeyaenterprise.com/wp-content/uploads/2023/08/Ems-Foot-Massager2-150x150.jpg']",,,[],,False
portable-juicer-cup.html,Portable Juice Blender,"['https://rabeyaenterprise.com/wp-content/uploads/2023/11/Portable-Juice-Blender.jpg', 'https://rabeyaenterprise.com/wp-content/uploads/2023/11/Portable-Juice-Blender4.jpg', 'https://rabeyaenterprise.com/wp-content/uploads/2023/11/Portable-Juice-Blender3.jpg', 'https://rabeyaenterprise.com/wp-content/uploads/2023/11/Portable-Juice-Blender2.jpg', 'https://rabeyaenterprise.com/wp-content/uploads/2023/11/Portable-Juice-Blender-150x150.jpg', 'https://rabeyaenterprise.com/wp-content/uploads/2023/11/Portable-Juice-Blender4-150x150.jpg', 'https://rabeyaenterprise.com/wp-content/uploads/2023/11/Portable-Juice-Blender3-150x150.jpg', 'https://rabeyaenterprise.com/wp-content/uploads/2023/11/Portable-Juice-Blender2-150x150.jpg']",,,[],,False
eelhoe-hair-mask.html,Eelhoe Hair Mask,"['https://rabeyaenterprise.com/wp-content/uploads/2022/08/Eelhoe-Hair-Mask.jpg', 'https://rabeyaenterprise.com/wp-content/uploads/2022/08/Eelhoe-Hair-Mask3.jpg', 'https://rabeyaenterprise.com/wp-content/uploads/2022/08/Eelhoe-Hair-Mask2.jpg', 'https://rabeyaenterprise.com/wp-content/uploads/2022/08/Eelhoe-Hair-Mask-150x150.jpg', 'https://rabeyaenterprise.com/wp-content/uploads/2022/08/Eelhoe-Hair-Mask3-150x150.jpg', 'https://rabeyaenterprise.com/wp-content/uploads/2022/08/Eelhoe-Hair-Mask2-150x150.jpg']",EELHOE 50ML Coconut Oil Hair Care Mask Curly Hair Lofting Cream Repairs Damaged Roots And Nourishes Hair Scalp Treatments,,[],,False
high-chair-afr-001.html,HIGH CHAIR AFR-001,"['https://rabeyaenterprise.com/wp-content/uploads/2025/08/HIGH-CHAIR-AFR-003.jpg', 'https://rabeyaenterprise.com/wp-content/uploads/2025/08/HIGH-CHAIR-AFR-001-1.jpg', 'https://rabeyaenterprise.com/wp-content/uploads/2025/08/HIGH-CHAIR-AFR-001-2-1.jpg', 'https://rabeyaenterprise.com/wp-content/uploads/2025/08/HIGH-CHAIR-AFR-001-5.jpg', 'https://rabeyaenterprise.com/wp-content/uploads/2025/08/HIGH-CHAIR-AFR-001-4.jpg', 'https://rabeyaenterprise.com/wp-content/uploads/2025/08/HIGH-CHAIR-AFR-003-150x150.jpg', 'https://rabeyaenterprise.com/wp-content/uploads/2025/08/HIGH-CHAIR-AFR-001-1-150x150.jpg', 'https://rabeyaenterprise.com/wp-content/uploads/2025/08/HIGH-CHAIR-AFR-001-2-1-150x150.jpg', 'https://rabeyaenterprise.com/wp-content/uploads/2025/08/HIGH-CHAIR-AFR-001-5-150x150.jpg', 'https://rabeyaenterprise.com/wp-content/uploads/2025/08/HIGH-CHAIR-AFR-001-4-150x150.jpg']",,,['Moms & Kids'],,False
go-duster.html,Go Duster,"['https://rabeyaenterprise.com/wp-content/uploads/2021/08/Go-Duster.jpg', 'https://rabeyaenterprise.com/wp-content/uploads/2021/08/Go-Duster3.jpg', 'https://rabeyaenterprise.com/wp-content/uploads/2021/08/Go-Duster2.jpg', 'https://rabeyaenterprise.com/wp-content/uploads/2021/08/Go-Duster-150x150.jpg', 'https://rabeyaenterprise.com/wp-content/uploads/2021/08/Go-Duster3-150x150.jpg', 'https://rabeyaenterprise.com/wp-content/uploads/2021/08/Go-Duster2-150x150.jpg']",সারাদেশব্যপী  ডেলিভারি করে থাকি। সর্বনিম্ন অর্ডার ১ কার্টোন। পণ্যের মুল্যের সাথে ডেলিভারি চার্জ ও কুরিয়ার চার্জ যোগ হবে। 40% টাকা অগ্রিম দিতে হবে।,,[],,False
intelligent-body-weight-scale.html,BODY WEIGHT SCALE INTELLIGENT,"['https://rabeyaenterprise.com/wp-content/uploads/2021/08/Intelligent-Body-Weight-Scale.jpg', 'https://rabeyaenterprise.com/wp-content/uploads/2021/08/Intelligent-Body-Weight-Scale-F3.jpg', 'https://rabeyaenterprise.com/wp-content/uploads/2021/08/Intelligent-Body-Weight-Scale-150x150.jpg', 'https://rabeyaenterprise.com/wp-content/uploads/2021/08/Intelligent-Body-Weight-Scale-F3-150x150.jpg']",,,[],,False
air-conditioning-dustproof-2-ton.html,Air Conditioning Dustproof 2 ton,"['https://rabeyaenterprise.com/wp-content/uploads/2023/10/Air-Conditioning-Dustproof-2-ton.jpg', 'https://rabeyaenterprise.com/wp-content/uploads/2023/10/Air-Conditioning-Dustproof-2-ton2.jpg', 'https://rabeyaenterprise.com/wp-content/uploads/2023/10/WhatsApp-Image-2023-10-03-at-3.03.08-PM.jpeg', 'https://rabeyaenterprise.com/wp-content/uploads/2023/10/WhatsApp-Image-2023-10-03-at-3.03.32-PM.jpeg', 'https://rabeyaenterprise.com/wp-content/uploads/2023/10/Air-Conditioning-Dustproof-2-ton-150x150.jpg', 'https://rabeyaenterprise.com/wp-content/uploads/2023/10/Air-Conditioning-Dustproof-2-ton2-150x150.jpg', 'https://rabeyaenterprise.com/wp-content/uploads/2023/10/WhatsApp-Image-2023-10-03-at-3.03.08-PM-150x200.jpeg', 'https://rabeyaenterprise.com/wp-content/uploads/2023/10/WhatsApp-Image-2023-10-03-at-3.03.32-PM-150x60.jpeg']",,,[],,False
love-baby-carry-bag-2.html,Love Baby Carrier,"['https://rabeyaenterprise.com/wp-content/uploads/2021/08/Baby-Carrier-F4.jpg', 'https://rabeyaenterprise.com/wp-content/uploads/2021/08/Baby-Carrier-F1.jpg', 'https://rabeyaenterprise.com/wp-content/uploads/2021/08/Baby-Carrier-F2.jpg', 'https://rabeyaenterprise.com/wp-content/uploads/2021/08/Baby-Carrier-F3.jpg', 'https://rabeyaenterprise.com/wp-content/uploads/2021/08/Baby-Carrier-F4-150x150.jpg', 'https://rabeyaenterprise.com/wp-content/uploads/2021/08/Baby-Carrier-F1-150x150.jpg', 'https://rabeyaenterprise.com/wp-content/uploads/2021/08/Baby-Carrier-F2-150x150.jpg', 'https://rabeyaenterprise.com/wp-content/uploads/2021/08/Baby-Carrier-F3-150x150.jpg']",,,[],,False
foldable-laptop-table-sticker-printed.html,Foldable laptop Table Sticker Printed,"['https://rabeyaenterprise.com/wp-content/uploads/2022/08/G_Foldable-Laptop-Table-New-Design.gif', 'https://rabeyaenterprise.com/wp-content/uploads/2022/08/Foldable-Laptop-Table-Sticker-Printed-F2.jpg', 'https://rabeyaenterprise.com/wp-content/uploads/2022/08/Foldable-Laptop-Table-Sticker-Printed-F1.jpg', 'https://rabeyaenterprise.com/wp-content/uploads/2022/08/G_Foldable-Laptop-Table-New-Design-150x150.gif', 'https://rabeyaenterprise.com/wp-content/uploads/2022/08/Foldable-Laptop-Table-Sticker-Printed-F2-150x150.jpg', 'https://rabeyaenterprise.com/wp-content/uploads/2022/08/Foldable-Laptop-Table-Sticker-Printed-F1-150x150.jpg']","✾ পোর্টেবল ডিজাইন, ভাঁজ এবং দ্রুত এবং সহজে ব্যবহারের জন্য সেট।✾ বিছানা এবং সোফা পরিবেশন ট্রে জন্য উপযুক্ত।✾ আইপ্যাড স্ট্যান্ড হোল্ডার এবং কাপ ধারক সহ।",,[],,False
fitness-wheel-set.html,Fitness Exercise Wheel Set,"['https://rabeyaenterprise.com/wp-content/uploads/2021/08/Fitness-Exercise-Wheel-Set.jpg', 'https://rabeyaenterprise.com/wp-content/uploads/2021/07/Fitness-Wheel-Set-F2.jpg', 'https://rabeyaenterprise.com/wp-content/uploads/2021/08/Fitness-Exercise-Wheel-Set-150x150.jpg', 'https://rabeyaenterprise.com/wp-content/uploads/2021/07/Fitness-Wheel-Set-F2-150x150.jpg']",Fitness Set Ab Roller Jump Rope Sport Home Abdominal Wheel with Mat Resistance Band For Arm Wrist Leg Workout Fitness Equipments,,[],,False
automatic-yogurt-maker-1-7l.html,Automatic Yogurt Maker 1.7L (Doi Maker),"['https://rabeyaenterprise.com/wp-content/uploads/2025/05/Autamatic-Yogurt-Maker-1.7L2.jpg', 'https://rabeyaenterprise.com/wp-content/uploads/2025/10/Yougurt-Maker-1.7-L.jpg', 'https://rabeyaenterprise.com/wp-content/uploads/2025/05/Autamatic-Yogurt-Maker-1.7L-4.jpg', 'https://rabeyaenterprise.com/wp-content/uploads/2025/05/Autamatic-Yogurt-Maker-1.7L-3.jpg', 'https://rabeyaenterprise.com/wp-content/uploads/2025/05/Autamatic-Yogurt-Maker-1.7L.jpg', 'https://rabeyaenterprise.com/wp-content/uploads/2025/05/Autamatic-Yogurt-Maker-1.7L3.jpg', 'https://rabeyaenterprise.com/wp-content/uploads/2025/05/Autamatic-Yogurt-Maker-1.7L-1.jpg', 'https://rabeyaenterprise.com/wp-content/uploads/2025/05/Autamatic-Yogurt-Maker-1.7L2-150x150.jpg', 'https://rabeyaenterprise.com/wp-content/uploads/2025/10/Yougurt-Maker-1.7-L-150x150.jpg', 'https://rabeyaenterprise.com/wp-content/uploads/2025/05/Autamatic-Yogurt-Maker-1.7L-4-150x150.jpg', 'https://rabeyaenterprise.com/wp-content/uploads/2025/05/Autamatic-Yogurt-Maker-1.7L-3-150x150.jpg', 'https://rabeyaenterprise.com/wp-content/uploads/2025/05/Autamatic-Yogurt-Maker-1.7L-150x150.jpg', 'https://rabeyaenterprise.com/wp-content/uploads/2025/05/Autamatic-Yogurt-Maker-1.7L3-150x150.jpg', 'https://rabeyaenterprise.com/wp-content/uploads/2025/05/Autamatic-Yogurt-Maker-1.7L-1-150x150.jpg']",,,[],,False
shower-washing-belt.html,Shower Washing Belt,['https://rabeyaenterprise.com/wp-content/uploads/2021/10/Shower-Washing-Belt.jpg'],Silicone Bath Scrubber Soft Bath Towel Exfoliating Bath Belt for Body Massage Body Cleaning Shower.,,[],,False
hot-shower-horizon.html,Hot Shower Horizon,"['https://rabeyaenterprise.com/wp-content/uploads/2021/08/2_18.jpg', 'https://rabeyaenterprise.com/wp-content/uploads/2021/08/2_18-150x150.jpg']",সারাদেশব্যপী ডেলিভারি করে থাকি। সর্বনিম্ন অর্ডার ১ কার্টোন। পণ্যের মুল্যের সাথে ডেলিভারি চার্জ ও কুরিয়ার চার্জ যোগ হবে। 40% টাকা অগ্রিম দিতে হবে।,,[],,False
pintar-facil.html,Pintar Facil,"['https://rabeyaenterprise.com/wp-content/uploads/2021/08/Pintar-Facil.jpg', 'https://rabeyaenterprise.com/wp-content/uploads/2021/08/Pintar-Facil-150x150.jpg']",সারাদেশব্যপী ডেলিভারি করে থাকি। সর্বনিম্ন অর্ডার ১ কার্টোন। পণ্যের মুল্যের সাথে ডেলিভারি চার্জ ও কুরিয়ার চার্জ যোগ হবে। 40% টাকা অগ্রিম দিতে হবে।,,[],,False
gold-plated-h-pendant-necklace.html,Gold Plated H Pendant Necklace,"['https://rabeyaenterprise.com/wp-content/uploads/2023/06/Gold-Plated-H-Pendant-Necklace-F1.jpg', 'https://rabeyaenterprise.com/wp-content/uploads/2023/06/Gold-Plated-H-Pendant-Necklace-F4.jpg', 'https://rabeyaenterprise.com/wp-content/uploads/2023/06/Gold-Plated-H-Pendant-Necklace-F3.jpg', 'https://rabeyaenterprise.com/wp-content/uploads/2023/06/Gold-Plated-H-Pendant-Necklace-F2.jpg', 'https://rabeyaenterprise.com/wp-content/uploads/2023/06/Gold-Plated-H-Pendant-Necklace-F1-150x150.jpg', 'https://rabeyaenterprise.com/wp-content/uploads/2023/06/Gold-Plated-H-Pendant-Necklace-F4-150x150.jpg', 'https://rabeyaenterprise.com/wp-content/uploads/2023/06/Gold-Plated-H-Pendant-Necklace-F3-150x150.jpg', 'https://rabeyaenterprise.com/wp-content/uploads/2023/06/Gold-Plated-H-Pendant-Necklace-F2-150x150.jpg']",Hermes Necklace Fashion Gold Plated H Pendant H Classic Necklace Necklace for Women,,[],,False
detox-foot-patch-white.html,Detox Foot Patch White,['https://rabeyaenterprise.com/wp-content/uploads/2021/08/Detox-Foot-Patch-White-F1.jpg'],সারাদেশব্যপী  ডেলিভারি করে থাকি। সর্বনিম্ন অর্ডার ১ কার্টোন। পণ্যের মুল্যের সাথে ডেলিভারি চার্জ ও কুরিয়ার চার্জ যোগ হবে। 40% টাকা অগ্রিম দিতে হবে।আপনার চাহিদা অনুযায়ী কাস্টম অর্ডার ও তৈরি করতে পারেন। কাস্টম অর্ডার তৈরি করতে “Custom Order” বাটনে ক্লিক করুন।,,[],,False
digital-margin-ruler.html,DIGITAL MARGIN RULER,"['https://rabeyaenterprise.com/wp-content/uploads/2022/05/DIGITAL-MARGIN-RULER.jpg', 'https://rabeyaenterprise.com/wp-content/uploads/2022/05/DIGITAL-MARGIN-RULER-150x150.jpg']",,,[],,False
ladies-socks.html,LADIES SOCKS,['https://rabeyaenterprise.com/wp-content/uploads/2022/05/LADIES-SOCKS2.jpg'],,,[],,False
pot-lid-organizer.html,Pot Lid Organizer,"['https://rabeyaenterprise.com/wp-content/uploads/2025/11/Pot-Lid-Orgranizer-1.jpg', 'https://rabeyaenterprise.com/wp-content/uploads/2025/11/Pot-Lid-Orgranizer.jpg', 'https://rabeyaenterprise.com/wp-content/uploads/2025/11/Pot-Lid-Orgranizer-2.jpg', 'https://rabeyaenterprise.com/wp-content/uploads/2025/11/Pot-Lid-Orgranizer-1-150x150.jpg', 'https://rabeyaenterprise.com/wp-content/uploads/2025/11/Pot-Lid-Orgranizer-150x150.jpg', 'https://rabeyaenterprise.com/wp-content/uploads/2025/11/Pot-Lid-Orgranizer-2-150x150.jpg']","Material: Heavy-duty MetalColor: Black / SilverType: Pot Lid Organizer RackShape: Vertical / AdjustableInstallation: No drilling requiredFeature: Rust-resistant, Space-savingআপনার রান্নাঘরের ঢাকনা, প্যান ও কাটিং বোর্ড রাখার জন্য পারফেক্ট সমাধান! মজবুতmetal bodyদিয়ে তৈরি এইPot Lid Organizerসহজে ব্যবহারযোগ্য, জায়গা সাশ্রয়ী ও দীর্ঘস্থায়ী।",,[],,False
3d-floor-carpet.html,3D Floor Carpet(STOCK OUT),"['https://rabeyaenterprise.com/wp-content/uploads/2023/09/3D-Floor-Carpet-4.jpg', 'https://rabeyaenterprise.com/wp-content/uploads/2023/09/3D-Floor-Carpet-3.jpg', 'https://rabeyaenterprise.com/wp-content/uploads/2023/09/3D-Floor-Carpet-5.jpg', 'https://rabeyaenterprise.com/wp-content/uploads/2023/09/3D-Floor-Carpet-6.jpg', 'https://rabeyaenterprise.com/wp-content/uploads/2023/09/3D-Floor-Carpet-7.jpg', 'https://rabeyaenterprise.com/wp-content/uploads/2023/09/3D-Floor-Carpet-8.jpg', 'https://rabeyaenterprise.com/wp-content/uploads/2023/09/3D-Floor-Carpet-9.jpg', 'https://rabeyaenterprise.com/wp-content/uploads/2023/09/3D-Floor-Carpet-10.jpg', 'https://rabeyaenterprise.com/wp-content/uploads/2023/09/3D-Floor-Carpet-1.jpg', 'https://rabeyaenterprise.com/wp-content/uploads/2023/09/3D-Floor-Carpet-4-150x150.jpg', 'https://rabeyaenterprise.com/wp-content/uploads/2023/09/3D-Floor-Carpet-3-150x150.jpg', 'https://rabeyaenterprise.com/wp-content/uploads/2023/09/3D-Floor-Carpet-5-150x150.jpg', 'https://rabeyaenterprise.com/wp-content/uploads/2023/09/3D-Floor-Carpet-6-150x150.jpg', 'https://rabeyaenterprise.com/wp-content/uploads/2023/09/3D-Floor-Carpet-7-150x150.jpg', 'https://rabeyaenterprise.com/wp-content/uploads/2023/09/3D-Floor-Carpet-8-150x150.jpg', 'https://rabeyaenterprise.com/wp-content/uploads/2023/09/3D-Floor-Carpet-9-150x150.jpg', 'https://rabeyaenterprise.com/wp-content/uploads/2023/09/3D-Floor-Carpet-10-150x150.jpg', 'https://rabeyaenterprise.com/wp-content/uploads/2023/09/3D-Floor-Carpet-1-150x150.jpg']",,,[],,False
wireless-digital-speaker.html,Wireless Digital Speaker E-3052,"['https://rabeyaenterprise.com/wp-content/uploads/2023/11/Wireless-Digital-Speaker-E-3052-5.jpg', 'https://rabeyaenterprise.com/wp-content/uploads/2023/11/Wireless-Digital-Speaker-E-3052-6.jpg', 'https://rabeyaenterprise.com/wp-content/uploads/2023/11/Wireless-Digital-Speaker-E-3052-4.jpg', 'https://rabeyaenterprise.com/wp-content/uploads/2023/11/Wireless-Digital-Speaker-E-3052-3.jpg', 'https://rabeyaenterprise.com/wp-content/uploads/2023/11/Wireless-Digital-Speaker-E-3052-2.jpg', 'https://rabeyaenterprise.com/wp-content/uploads/2023/11/Wireless-Digital-Speaker-E-3052.jpg', 'https://rabeyaenterprise.com/wp-content/uploads/2023/11/Wireless-Digital-Speaker-E-3052-5-150x150.jpg', 'https://rabeyaenterprise.com/wp-content/uploads/2023/11/Wireless-Digital-Speaker-E-3052-6-150x150.jpg', 'https://rabeyaenterprise.com/wp-content/uploads/2023/11/Wireless-Digital-Speaker-E-3052-4-150x150.jpg', 'https://rabeyaenterprise.com/wp-content/uploads/2023/11/Wireless-Digital-Speaker-E-3052-3-150x150.jpg', 'https://rabeyaenterprise.com/wp-content/uploads/2023/11/Wireless-Digital-Speaker-E-3052-2-150x150.jpg', 'https://rabeyaenterprise.com/wp-content/uploads/2023/11/Wireless-Digital-Speaker-E-3052-150x150.jpg']",,,[],,False
mobile-heat-comb.html,Mobile Heat Comb,"['https://rabeyaenterprise.com/wp-content/uploads/2023/11/Mobile-Heat-Comb.jpg', 'https://rabeyaenterprise.com/wp-content/uploads/2023/11/Mobile-Heat-Comb4.jpg', 'https://rabeyaenterprise.com/wp-content/uploads/2023/11/Mobile-Heat-Comb3.jpg', 'https://rabeyaenterprise.com/wp-content/uploads/2023/11/Mobile-Heat-Comb2.jpg', 'https://rabeyaenterprise.com/wp-content/uploads/2023/11/Mobile-Heat-Comb-150x150.jpg', 'https://rabeyaenterprise.com/wp-content/uploads/2023/11/Mobile-Heat-Comb4-150x150.jpg', 'https://rabeyaenterprise.com/wp-content/uploads/2023/11/Mobile-Heat-Comb3-150x150.jpg', 'https://rabeyaenterprise.com/wp-content/uploads/2023/11/Mobile-Heat-Comb2-150x150.jpg']",,,[],,False
baby-duck-scooty.html,BABY DUCK SCOOTY,"['https://rabeyaenterprise.com/wp-content/uploads/2022/05/BABY-DUCK-SCOOTY.jpg', 'https://rabeyaenterprise.com/wp-content/uploads/2022/05/BABY-DUCK-SCOOTY-150x150.jpg']",,,[],,False
hair-ball-trimmer-lint-remover.html,Hair Ball Trimmer Lint Remover,"['https://rabeyaenterprise.com/wp-content/uploads/2023/10/Hair-Ball-Trimmer-Lint-Remover.jpg', 'https://rabeyaenterprise.com/wp-content/uploads/2023/10/Hair-Ball-Trimmer-Lint-Remover5.jpg', 'https://rabeyaenterprise.com/wp-content/uploads/2023/10/Hair-Ball-Trimmer-Lint-Remover4.jpg', 'https://rabeyaenterprise.com/wp-content/uploads/2023/10/Hair-Ball-Trimmer-Lint-Remover3.jpg', 'https://rabeyaenterprise.com/wp-content/uploads/2023/10/Hair-Ball-Trimmer-Lint-Remover2.jpg', 'https://rabeyaenterprise.com/wp-content/uploads/2023/10/Hair-Ball-Trimmer-Lint-Remover-150x150.jpg', 'https://rabeyaenterprise.com/wp-content/uploads/2023/10/Hair-Ball-Trimmer-Lint-Remover5-150x150.jpg', 'https://rabeyaenterprise.com/wp-content/uploads/2023/10/Hair-Ball-Trimmer-Lint-Remover4-150x150.jpg', 'https://rabeyaenterprise.com/wp-content/uploads/2023/10/Hair-Ball-Trimmer-Lint-Remover3-150x150.jpg', 'https://rabeyaenterprise.com/wp-content/uploads/2023/10/Hair-Ball-Trimmer-Lint-Remover2-150x150.jpg']",,,[],,False
fast-charging-power-bank.html,Fast Charging Power Bank,['https://rabeyaenterprise.com/wp-content/uploads/2022/06/Fast-Charging-Power-Bank-F1.jpg'],Fast Charging Power Bank,,[],,False
self-defense-magic-stick.html,Self Defense Magic Stick,"['https://rabeyaenterprise.com/wp-content/uploads/2025/04/Magic-Stick2.jpg', 'https://rabeyaenterprise.com/wp-content/uploads/2025/04/Magic-Stick.jpg', 'https://rabeyaenterprise.com/wp-content/uploads/2025/04/Magic-Stick5.jpg', 'https://rabeyaenterprise.com/wp-content/uploads/2025/04/Magic-Stick4.jpg', 'https://rabeyaenterprise.com/wp-content/uploads/2025/04/Magic-Stick3.jpg', 'https://rabeyaenterprise.com/wp-content/uploads/2025/04/Magic-Stick2-150x150.jpg', 'https://rabeyaenterprise.com/wp-content/uploads/2025/04/Magic-Stick-150x150.jpg', 'https://rabeyaenterprise.com/wp-content/uploads/2025/04/Magic-Stick5-150x150.jpg', 'https://rabeyaenterprise.com/wp-content/uploads/2025/04/Magic-Stick4-150x150.jpg', 'https://rabeyaenterprise.com/wp-content/uploads/2025/04/Magic-Stick3-150x150.jpg']",,,[],,False
travel-jewelry-storage-box.html,Travel Jewelry Storage Box,"['https://rabeyaenterprise.com/wp-content/uploads/2022/10/Travel-Jewellery-Storage-Box1.jpg', 'https://rabeyaenterprise.com/wp-content/uploads/2022/10/Travel-Jewellery-Storage-Box2.jpg', 'https://rabeyaenterprise.com/wp-content/uploads/2022/10/Travel-Jewellery-Storage-Box3.jpg', 'https://rabeyaenterprise.com/wp-content/uploads/2022/10/Travel-Jewellery-Storage-Box4.jpg', 'https://rabeyaenterprise.com/wp-content/uploads/2022/10/Travel-Jewellery-Storage-Box-5.jpg', 'https://rabeyaenterprise.com/wp-content/uploads/2022/10/Travel-Jewellery-Storage-Box6.jpg', 'https://rabeyaenterprise.com/wp-content/uploads/2022/10/Travel-Jewellery-Storage-Box1-150x150.jpg', 'https://rabeyaenterprise.com/wp-content/uploads/2022/10/Travel-Jewellery-Storage-Box2-150x150.jpg', 'https://rabeyaenterprise.com/wp-content/uploads/2022/10/Travel-Jewellery-Storage-Box3-150x150.jpg', 'https://rabeyaenterprise.com/wp-content/uploads/2022/10/Travel-Jewellery-Storage-Box4-150x150.jpg', 'https://rabeyaenterprise.com/wp-content/uploads/2022/10/Travel-Jewellery-Storage-Box-5-150x150.jpg', 'https://rabeyaenterprise.com/wp-content/uploads/2022/10/Travel-Jewellery-Storage-Box6-150x150.jpg']",Jewellery storage box portable travel jewelry box Accesories Organizer box jewellery for necklace ring earring,,[],,False
bluetooth-earbuds-v5-0-with-charging-box.html,Bluetooth Earbuds v5.0 With Charging box,['https://rabeyaenterprise.com/wp-content/uploads/2022/04/Bluetooth-Earbuds-v5.0-With-Charging-box-F1.jpg'],Bluetooth V5.0 Earphone Wireless Noise Cancelling Earphones Stereo Sport Wireless Headphones Earbuds headset,,[],,False
blb-walker-6220.html,BLB WALKER 6220,"['https://rabeyaenterprise.com/wp-content/uploads/2023/11/xe-tap-di-syt-6220-new3.jpg', 'https://rabeyaenterprise.com/wp-content/uploads/2023/11/xe-tap-di-syt-6220-new1.jpg', 'https://rabeyaenterprise.com/wp-content/uploads/2023/11/xe-tap-di-syt-6220-new4.png', 'https://rabeyaenterprise.com/wp-content/uploads/2023/11/xe-tap-di-syt-6220-new3-150x150.jpg', 'https://rabeyaenterprise.com/wp-content/uploads/2023/11/xe-tap-di-syt-6220-new1-150x150.jpg', 'https://rabeyaenterprise.com/wp-content/uploads/2023/11/xe-tap-di-syt-6220-new4-150x143.png']",,,[],,False
round-moving-locket.html,ROUND MOVING LOCKET,"['https://rabeyaenterprise.com/wp-content/uploads/2023/10/ROUND-MOVING-LOCKET.jpg', 'https://rabeyaenterprise.com/wp-content/uploads/2023/10/ROUND-MOVING-LOCKET6.jpg', 'https://rabeyaenterprise.com/wp-content/uploads/2023/10/ROUND-MOVING-LOCKET5.jpg', 'https://rabeyaenterprise.com/wp-content/uploads/2023/10/ROUND-MOVING-LOCKET4.jpg', 'https://rabeyaenterprise.com/wp-content/uploads/2023/10/ROUND-MOVING-LOCKET3.jpg', 'https://rabeyaenterprise.com/wp-content/uploads/2023/10/ROUND-MOVING-LOCKET2.jpg', 'https://rabeyaenterprise.com/wp-content/uploads/2023/10/ROUND-MOVING-LOCKET-150x150.jpg', 'https://rabeyaenterprise.com/wp-content/uploads/2023/10/ROUND-MOVING-LOCKET6-150x150.jpg', 'https://rabeyaenterprise.com/wp-content/uploads/2023/10/ROUND-MOVING-LOCKET5-150x150.jpg', 'https://rabeyaenterprise.com/wp-content/uploads/2023/10/ROUND-MOVING-LOCKET4-150x150.jpg', 'https://rabeyaenterprise.com/wp-content/uploads/2023/10/ROUND-MOVING-LOCKET3-150x150.jpg', 'https://rabeyaenterprise.com/wp-content/uploads/2023/10/ROUND-MOVING-LOCKET2-150x150.jpg']",,,[],,False
helmet-gopro-holder.html,HELMET GOPRO HOLDER,"['https://rabeyaenterprise.com/wp-content/uploads/2023/11/HELMET-GOPRO-HOLDER.jpg', 'https://rabeyaenterprise.com/wp-content/uploads/2023/11/HELMET-GOPRO-HOLDER3.jpg', 'https://rabeyaenterprise.com/wp-content/uploads/2023/11/HELMET-GOPRO-HOLDER2.jpg', 'https://rabeyaenterprise.com/wp-content/uploads/2023/11/HELMET-GOPRO-HOLDER-150x150.jpg', 'https://rabeyaenterprise.com/wp-content/uploads/2023/11/HELMET-GOPRO-HOLDER3-150x150.jpg', 'https://rabeyaenterprise.com/wp-content/uploads/2023/11/HELMET-GOPRO-HOLDER2-150x150.jpg']",,,[],,False
wireless-bluetooth-speakers-mini.html,Wireless Bluetooth Speakers Mini,"['https://rabeyaenterprise.com/wp-content/uploads/2023/12/Wireless-Bluetooth-Speakers-Mini.jpg', 'https://rabeyaenterprise.com/wp-content/uploads/2023/12/Wireless-Bluetooth-Speakers-Mini2.jpg', 'https://rabeyaenterprise.com/wp-content/uploads/2023/12/Wireless-Bluetooth-Speakers-Mini4.jpg', 'https://rabeyaenterprise.com/wp-content/uploads/2023/12/Wireless-Bluetooth-Speakers-Mini3.jpg', 'https://rabeyaenterprise.com/wp-content/uploads/2023/12/Wireless-Bluetooth-Speakers-Mini-150x150.jpg', 'https://rabeyaenterprise.com/wp-content/uploads/2023/12/Wireless-Bluetooth-Speakers-Mini2-150x150.jpg', 'https://rabeyaenterprise.com/wp-content/uploads/2023/12/Wireless-Bluetooth-Speakers-Mini4-150x150.jpg', 'https://rabeyaenterprise.com/wp-content/uploads/2023/12/Wireless-Bluetooth-Speakers-Mini3-150x150.jpg']",,,[],,False
super-pot-stand-5-layer-kitchen-pot-organizer.html,Super Pot Stand 5 Layer Kitchen Pot Organizer,"['https://rabeyaenterprise.com/wp-content/uploads/2023/05/Super-Pot-Stand-F1.jpg', 'https://rabeyaenterprise.com/wp-content/uploads/2023/05/Super-Pot-Stand-F5.jpg', 'https://rabeyaenterprise.com/wp-content/uploads/2023/05/Super-Pot-Stand-F4.jpg', 'https://rabeyaenterprise.com/wp-content/uploads/2023/05/Super-Pot-Stand-F3.jpg', 'https://rabeyaenterprise.com/wp-content/uploads/2023/05/Super-Pot-Stand-F2.jpg', 'https://rabeyaenterprise.com/wp-content/uploads/2023/05/Super-Pot-Stand-F1-150x150.jpg', 'https://rabeyaenterprise.com/wp-content/uploads/2023/05/Super-Pot-Stand-F5-150x150.jpg', 'https://rabeyaenterprise.com/wp-content/uploads/2023/05/Super-Pot-Stand-F4-150x150.jpg', 'https://rabeyaenterprise.com/wp-content/uploads/2023/05/Super-Pot-Stand-F3-150x150.jpg', 'https://rabeyaenterprise.com/wp-content/uploads/2023/05/Super-Pot-Stand-F2-150x150.jpg']",5 Layer Kitchen Pot and Pan Rack Organizer,,[],,False
baby-basketball-shooting-game.html,Baby Basketball Shooting Games,"['https://rabeyaenterprise.com/wp-content/uploads/2022/05/BABY-Basketball-Shooting-Game-F1.jpg', 'https://rabeyaenterprise.com/wp-content/uploads/2022/05/BABY-Basketball-Shooting-Game-F1-150x150.jpg']",,,['Moms & Kids'],,False
4-layer-square-shape-kitchen-rack.html,4 Layer Square Shape Kitchen Rack,"['https://rabeyaenterprise.com/wp-content/uploads/2024/01/5-Layer-Square-Shape-Kitchen-Rack-1.jpg', 'https://rabeyaenterprise.com/wp-content/uploads/2024/02/4-Layer-Square-Shape-Kitchen-Rack.jpg', 'https://rabeyaenterprise.com/wp-content/uploads/2024/02/4-Layer-Square-Shape-Kitchen-Rack-1.jpg', 'https://rabeyaenterprise.com/wp-content/uploads/2024/01/5-Layer-Square-Shape-Kitchen-Rack-6.jpg', 'https://rabeyaenterprise.com/wp-content/uploads/2024/01/5-Layer-Square-Shape-Kitchen-Rack-1-150x150.jpg', 'https://rabeyaenterprise.com/wp-content/uploads/2024/02/4-Layer-Square-Shape-Kitchen-Rack-150x150.jpg', 'https://rabeyaenterprise.com/wp-content/uploads/2024/02/4-Layer-Square-Shape-Kitchen-Rack-1-150x150.jpg', 'https://rabeyaenterprise.com/wp-content/uploads/2024/01/5-Layer-Square-Shape-Kitchen-Rack-6-150x179.jpg']",COLOUR AVAILABLE : BLACK,,[],,False
manual-fruit-press-aluminum.html,FRUIT PRESS JUICER ALUMINUM,"['https://rabeyaenterprise.com/wp-content/uploads/2024/03/Manual-Fruit-Press-Aluminum-2.jpg', 'https://rabeyaenterprise.com/wp-content/uploads/2024/03/Manual-Fruit-Press-Aluminum-3.jpg', 'https://rabeyaenterprise.com/wp-content/uploads/2024/03/Manual-Fruit-Press-Aluminum-1.jpg', 'https://rabeyaenterprise.com/wp-content/uploads/2024/03/Manual-Fruit-Press-Aluminum-1.jpeg', 'https://rabeyaenterprise.com/wp-content/uploads/2024/03/Manual-Fruit-Press-Aluminum-2-150x150.jpg', 'https://rabeyaenterprise.com/wp-content/uploads/2024/03/Manual-Fruit-Press-Aluminum-3-150x147.jpg', 'https://rabeyaenterprise.com/wp-content/uploads/2024/03/Manual-Fruit-Press-Aluminum-1-150x147.jpg', 'https://rabeyaenterprise.com/wp-content/uploads/2024/03/Manual-Fruit-Press-Aluminum-1-150x110.jpeg']",,,[],,False
race-digital-hot-water-tap-with-hand-shower.html,Wall Tab Water Heater Digital With Hand Shower,"['https://rabeyaenterprise.com/wp-content/uploads/2021/08/Wall-Tab-Water-Heater-Digital-With-Hand-Shower3.jpg', 'https://rabeyaenterprise.com/wp-content/uploads/2021/08/Wall-Tab-Water-Heater-Digital-With-Hand-Shower2.jpg', 'https://rabeyaenterprise.com/wp-content/uploads/2021/08/Wall-Tab-Water-Heater-Digital-With-Hand-Shower.jpg', 'https://rabeyaenterprise.com/wp-content/uploads/2021/08/Wall-Tab-Water-Heater-Digital-With-Hand-Shower3-150x150.jpg', 'https://rabeyaenterprise.com/wp-content/uploads/2021/08/Wall-Tab-Water-Heater-Digital-With-Hand-Shower2-150x150.jpg', 'https://rabeyaenterprise.com/wp-content/uploads/2021/08/Wall-Tab-Water-Heater-Digital-With-Hand-Shower-150x150.jpg']",সারাদেশব্যপী ডেলিভারি করে থাকি। সর্বনিম্ন অর্ডার ১ কার্টোন। পণ্যের মুল্যের সাথে ডেলিভারি চার্জ ও কুরিয়ার চার্জ যোগ হবে। 40% টাকা অগ্রিম দিতে হবে।,,[],,False
spin-duster-2pcs-hand-glove-package.html,SPIN DUSTER + 2Pcs HAND GLOVE Package,"['https://rabeyaenterprise.com/wp-content/uploads/2021/08/SPIN-DUSTER-FASHION-HAND-GLOVE-Package.jpg', 'https://rabeyaenterprise.com/wp-content/uploads/2021/08/SPIN-DUSTER-FASHION-HAND-GLOVE-Package-150x84.jpg']",,,[],,False
singel-layer-mini-cooking-hot-pot.html,Singel Layer Mini Cooking Hot Pot,"['https://rabeyaenterprise.com/wp-content/uploads/2023/10/Singel-Layer-Mini-Cooking-Hot-Pot3.jpg', 'https://rabeyaenterprise.com/wp-content/uploads/2023/10/Singel-Layer-Mini-Cooking-Hot-Pot8.jpg', 'https://rabeyaenterprise.com/wp-content/uploads/2023/10/Singel-Layer-Mini-Cooking-Hot-Pot7.jpg', 'https://rabeyaenterprise.com/wp-content/uploads/2023/10/Singel-Layer-Mini-Cooking-Hot-Pot6.jpg', 'https://rabeyaenterprise.com/wp-content/uploads/2023/10/Singel-Layer-Mini-Cooking-Hot-Pot5.jpg', 'https://rabeyaenterprise.com/wp-content/uploads/2023/10/Singel-Layer-Mini-Cooking-Hot-Pot4.jpg', 'https://rabeyaenterprise.com/wp-content/uploads/2023/10/Singel-Layer-Mini-Cooking-Hot-Pot2.jpg', 'https://rabeyaenterprise.com/wp-content/uploads/2023/10/Singel-Layer-Mini-Cooking-Hot-Pot.jpg', 'https://rabeyaenterprise.com/wp-content/uploads/2023/10/Singel-Layer-Mini-Cooking-Hot-Pot3-150x150.jpg', 'https://rabeyaenterprise.com/wp-content/uploads/2023/10/Singel-Layer-Mini-Cooking-Hot-Pot8-150x150.jpg', 'https://rabeyaenterprise.com/wp-content/uploads/2023/10/Singel-Layer-Mini-Cooking-Hot-Pot7-150x150.jpg', 'https://rabeyaenterprise.com/wp-content/uploads/2023/10/Singel-Layer-Mini-Cooking-Hot-Pot6-150x150.jpg', 'https://rabeyaenterprise.com/wp-content/uploads/2023/10/Singel-Layer-Mini-Cooking-Hot-Pot5-150x150.jpg', 'https://rabeyaenterprise.com/wp-content/uploads/2023/10/Singel-Layer-Mini-Cooking-Hot-Pot4-150x150.jpg', 'https://rabeyaenterprise.com/wp-content/uploads/2023/10/Singel-Layer-Mini-Cooking-Hot-Pot2-150x150.jpg', 'https://rabeyaenterprise.com/wp-content/uploads/2023/10/Singel-Layer-Mini-Cooking-Hot-Pot-150x150.jpg']",,,[],,False
folding-clothes-hanger.html,Folding Clothes Hanger,"['https://rabeyaenterprise.com/wp-content/uploads/2025/08/folding-clothes-hanger-1.jpg', 'https://rabeyaenterprise.com/wp-content/uploads/2025/08/Folding-Clothes-Hanger6.jpg', 'https://rabeyaenterprise.com/wp-content/uploads/2025/08/Folding-Clothes-Hanger5.jpg', 'https://rabeyaenterprise.com/wp-content/uploads/2025/08/Folding-Clothes-Hanger3.jpg', 'https://rabeyaenterprise.com/wp-content/uploads/2025/08/Folding-Clothes-Hanger4.jpg', 'https://rabeyaenterprise.com/wp-content/uploads/2025/08/folding-clothes-hanger-1-150x150.jpg', 'https://rabeyaenterprise.com/wp-content/uploads/2025/08/Folding-Clothes-Hanger6-150x150.jpg', 'https://rabeyaenterprise.com/wp-content/uploads/2025/08/Folding-Clothes-Hanger5-150x150.jpg', 'https://rabeyaenterprise.com/wp-content/uploads/2025/08/Folding-Clothes-Hanger3-150x150.jpg', 'https://rabeyaenterprise.com/wp-content/uploads/2025/08/Folding-Clothes-Hanger4-150x150.jpg']","✅ Foldable design for easy storage and travel✅ Color: Green, yellow✅ Lightweight, durable, and multipurpose✅ Perfect for home, hostel, or travel use✅ Easy to hang and use anywhere",,[],,False
foot-care-pedicure-device.html,Personal Pedi Foot Care System,"['https://rabeyaenterprise.com/wp-content/uploads/2023/11/Personal-Pedi-Foot-Care-System.jpg', 'https://rabeyaenterprise.com/wp-content/uploads/2023/11/Personal-Pedi-Foot-Care-System5.jpg', 'https://rabeyaenterprise.com/wp-content/uploads/2023/11/Personal-Pedi-Foot-Care-System4.jpg', 'https://rabeyaenterprise.com/wp-content/uploads/2023/11/Personal-Pedi-Foot-Care-System3.jpg', 'https://rabeyaenterprise.com/wp-content/uploads/2023/11/Personal-Pedi-Foot-Care-System2.jpg', 'https://rabeyaenterprise.com/wp-content/uploads/2023/11/Personal-Pedi-Foot-Care-System-150x150.jpg', 'https://rabeyaenterprise.com/wp-content/uploads/2023/11/Personal-Pedi-Foot-Care-System5-150x150.jpg', 'https://rabeyaenterprise.com/wp-content/uploads/2023/11/Personal-Pedi-Foot-Care-System4-150x150.jpg', 'https://rabeyaenterprise.com/wp-content/uploads/2023/11/Personal-Pedi-Foot-Care-System3-150x150.jpg', 'https://rabeyaenterprise.com/wp-content/uploads/2023/11/Personal-Pedi-Foot-Care-System2-150x150.jpg']",,,[],,False
glass-oil-control-oil-pot.html,Glass Oil Control Oil Pot,"['https://rabeyaenterprise.com/wp-content/uploads/2022/01/Glass-Oil-Control-Oil-Pot2.jpg', 'https://rabeyaenterprise.com/wp-content/uploads/2022/01/Glass-Oil-Control-Oil-Pot3.jpg', 'https://rabeyaenterprise.com/wp-content/uploads/2022/01/Glass-Oil-Control-Oil-Pot.jpg', 'https://rabeyaenterprise.com/wp-content/uploads/2022/01/Glass-Oil-Control-Oil-Pot2-150x150.jpg', 'https://rabeyaenterprise.com/wp-content/uploads/2022/01/Glass-Oil-Control-Oil-Pot3-150x150.jpg', 'https://rabeyaenterprise.com/wp-content/uploads/2022/01/Glass-Oil-Control-Oil-Pot-150x150.jpg']",Glass Oil Control Bottle Leak-proof Oil Pot Kitchen Tools Liquid Container Seasoning Pots Soy Sauce Vinegar Storage,,[],,False
laser-hair-comb.html,Laser Hair Comb,['https://rabeyaenterprise.com/wp-content/uploads/woocommerce-placeholder.webp'],সারাদেশব্যপী ডেলিভারি করে থাকি। সর্বনিম্ন অর্ডার ১ কার্টোন। পণ্যের মুল্যের সাথে ডেলিভারি চার্জ ও কুরিয়ার চার্জ যোগ হবে। 40% টাকা অগ্রিম দিতে হবে।আপনার চাহিদা অনুযায়ী কাস্টম অর্ডার ও তৈরি করতে পারেন। কাস্টম অর্ডার তৈরি করতে “Custom Order” বাটনে ক্লিক করুন।,,[],,False
mini-size-5-fan-air-cooler.html,Mini Cooling 5 Fan,"['https://rabeyaenterprise.com/wp-content/uploads/2024/06/Mini-Size-5-Fan-Air-Cooler3-1.jpg', 'https://rabeyaenterprise.com/wp-content/uploads/2024/06/Mini-Size-5-Fan-Air-Cooler2-1.jpg', 'https://rabeyaenterprise.com/wp-content/uploads/2024/06/Mini-Size-5-Fan-Air-Cooler-1.jpg', 'https://rabeyaenterprise.com/wp-content/uploads/2024/06/Mini-Size-5-Fan-Air-Cooler3-1-150x150.jpg', 'https://rabeyaenterprise.com/wp-content/uploads/2024/06/Mini-Size-5-Fan-Air-Cooler2-1-150x150.jpg', 'https://rabeyaenterprise.com/wp-content/uploads/2024/06/Mini-Size-5-Fan-Air-Cooler-1-150x150.jpg']",★Product: Extonic Air Cooler Fan Mini Size★Colour: White (Available) ✅★Features:• 7 colour light option•Power: 10W Max•Voltage: 5V,,[],,False
foldable-laundry-drying-rack.html,Foldable Laundry Drying Rack,"['https://rabeyaenterprise.com/wp-content/uploads/2025/11/Foldable-Laundry-Drying-Rack-4.jpg', 'https://rabeyaenterprise.com/wp-content/uploads/2025/11/Foldable-Laundry-Drying-Rack-6.jpg', 'https://rabeyaenterprise.com/wp-content/uploads/2025/11/Foldable-Laundry-Drying-Rack-2.jpg', 'https://rabeyaenterprise.com/wp-content/uploads/2025/11/Foldable-Laundry-Drying-Rack-7.jpg', 'https://rabeyaenterprise.com/wp-content/uploads/2025/11/Foldable-Laundry-Drying-Rack-5.jpg', 'https://rabeyaenterprise.com/wp-content/uploads/2025/11/Foldable-Laundry-Drying-Rack-3.jpg', 'https://rabeyaenterprise.com/wp-content/uploads/2025/11/Foldable-Laundry-Drying-Rack-1.jpg', 'https://rabeyaenterprise.com/wp-content/uploads/2025/11/Foldable-Laundry-Drying-Rack-4-150x150.jpg', 'https://rabeyaenterprise.com/wp-content/uploads/2025/11/Foldable-Laundry-Drying-Rack-6-150x150.jpg', 'https://rabeyaenterprise.com/wp-content/uploads/2025/11/Foldable-Laundry-Drying-Rack-2-150x150.jpg', 'https://rabeyaenterprise.com/wp-content/uploads/2025/11/Foldable-Laundry-Drying-Rack-7-150x150.jpg', 'https://rabeyaenterprise.com/wp-content/uploads/2025/11/Foldable-Laundry-Drying-Rack-5-150x150.jpg', 'https://rabeyaenterprise.com/wp-content/uploads/2025/11/Foldable-Laundry-Drying-Rack-3-150x150.jpg', 'https://rabeyaenterprise.com/wp-content/uploads/2025/11/Foldable-Laundry-Drying-Rack-1-150x150.jpg']","Material: Stainless SteelType: Foldable Laundry Drying RackColor: Silver (Metallic Finish)Usage: Indoor / OutdoorFeature: Rust & Corrosion Resistantউচ্চমানেরstainless steel bodyদিয়ে তৈরি এই ফোল্ডেবল লন্ড্রি ড্রাইং র‍্যাকটি কাপড় শুকানোর জন্য আদর্শ। টেকসই, ভাঁজযোগ্য এবং সহজে বহনযোগ্য – ছোট-বড় যেকোনো ঘরের জন্য পারফেক্ট চয়েস!",,[],,False
car-rearview-mirror-mount-stand-holder-for-mobile.html,Car Rearview Mirror Mount Stand Holder for Mobile,"['https://rabeyaenterprise.com/wp-content/uploads/2021/08/Car-Rearview-Mirror-Mount-Stand-Holder-for-Mobile.jpg', 'https://rabeyaenterprise.com/wp-content/uploads/2021/08/Car-Rearview-Mirror-Mount-Stand-Holder-for-Mobile2.webp', 'https://rabeyaenterprise.com/wp-content/uploads/2021/08/Car-Rearview-Mirror-Mount-Stand-Holder-for-Mobile-150x150.jpg', 'https://rabeyaenterprise.com/wp-content/uploads/2021/08/Car-Rearview-Mirror-Mount-Stand-Holder-for-Mobile2-150x150.webp']",Universal Car Rearview Mirror Mount Stand Holder Clip for Mobile Phone,,[],,False
baby-portable-car-seat.html,Baby Portable Car Seat,"['https://rabeyaenterprise.com/wp-content/uploads/2021/10/Baby-Portable-Car-Seat.jpg', 'https://rabeyaenterprise.com/wp-content/uploads/2021/10/Baby-Portable-Car-Seat6.jpg', 'https://rabeyaenterprise.com/wp-content/uploads/2021/10/Baby-Portable-Car-Seat5.jpg', 'https://rabeyaenterprise.com/wp-content/uploads/2021/10/Baby-Portable-Car-Seat4.jpg', 'https://rabeyaenterprise.com/wp-content/uploads/2021/10/Baby-Portable-Car-Seat3.jpg', 'https://rabeyaenterprise.com/wp-content/uploads/2021/10/Baby-Portable-Car-Seat2.jpg', 'https://rabeyaenterprise.com/wp-content/uploads/2021/10/Baby-Portable-Car-Seat-150x150.jpg', 'https://rabeyaenterprise.com/wp-content/uploads/2021/10/Baby-Portable-Car-Seat6-150x150.jpg', 'https://rabeyaenterprise.com/wp-content/uploads/2021/10/Baby-Portable-Car-Seat5-150x150.jpg', 'https://rabeyaenterprise.com/wp-content/uploads/2021/10/Baby-Portable-Car-Seat4-150x150.jpg', 'https://rabeyaenterprise.com/wp-content/uploads/2021/10/Baby-Portable-Car-Seat3-150x150.jpg', 'https://rabeyaenterprise.com/wp-content/uploads/2021/10/Baby-Portable-Car-Seat2-150x150.jpg']","Baby Portable Car Seat,Traveling Car Seats for Babies,Children Auto SeatAdjustable Baby Car Seat Safe Toddler Booster Seat Child Car Seats Portable Baby Chair In Cars For 6 Months-5 Years Old Baby",,[],,False
wifi-hd-camera.html,Mini WIFI HD Camera,"['https://rabeyaenterprise.com/wp-content/uploads/2021/10/Mini-WIFI-HD-Camera.jpg', 'https://rabeyaenterprise.com/wp-content/uploads/2021/10/Mini-WIFI-HD-Camera4.jpg', 'https://rabeyaenterprise.com/wp-content/uploads/2021/10/Mini-WIFI-HD-Camera3.jpg', 'https://rabeyaenterprise.com/wp-content/uploads/2021/10/Mini-WIFI-HD-Camera2.jpg', 'https://rabeyaenterprise.com/wp-content/uploads/2021/10/Mini-WIFI-HD-Camera-150x150.jpg', 'https://rabeyaenterprise.com/wp-content/uploads/2021/10/Mini-WIFI-HD-Camera4-150x150.jpg', 'https://rabeyaenterprise.com/wp-content/uploads/2021/10/Mini-WIFI-HD-Camera3-150x150.jpg', 'https://rabeyaenterprise.com/wp-content/uploads/2021/10/Mini-WIFI-HD-Camera2-150x150.jpg']",A9 Mini Camera App Full HD 1080P Cam 150 Degree Viewing Angle Wireless WiFi IP Network Monitor Security Night Version Cam,,[],,False
dictamni-antibacterial-cream.html,DICTAMNI ANTIBACTERIAL CREAM,"['https://rabeyaenterprise.com/wp-content/uploads/2023/11/DICTAMNI-ANTIBACTERIAL-CREAM.jpg', 'https://rabeyaenterprise.com/wp-content/uploads/2023/11/DICTAMNI-ANTIBACTERIAL-CREAM3.jpg', 'https://rabeyaenterprise.com/wp-content/uploads/2023/11/DICTAMNI-ANTIBACTERIAL-CREAM2.jpg', 'https://rabeyaenterprise.com/wp-content/uploads/2023/11/DICTAMNI-ANTIBACTERIAL-CREAM-150x150.jpg', 'https://rabeyaenterprise.com/wp-content/uploads/2023/11/DICTAMNI-ANTIBACTERIAL-CREAM3-150x150.jpg', 'https://rabeyaenterprise.com/wp-content/uploads/2023/11/DICTAMNI-ANTIBACTERIAL-CREAM2-150x150.jpg']",,,[],,False
bbq-tandoori-grill-stand.html,BBQ Manual Grill Stand,"['https://rabeyaenterprise.com/wp-content/uploads/2021/08/BBQ-Manual-Grill-Stand2.jpg', 'https://rabeyaenterprise.com/wp-content/uploads/2021/08/BBQ-Manual-Grill-Stand.jpg', 'https://rabeyaenterprise.com/wp-content/uploads/2021/08/BBQ-Manual-Grill-Stand3.jpg', 'https://rabeyaenterprise.com/wp-content/uploads/2021/08/BBQ-Manual-Grill-Stand2-150x150.jpg', 'https://rabeyaenterprise.com/wp-content/uploads/2021/08/BBQ-Manual-Grill-Stand-150x150.jpg', 'https://rabeyaenterprise.com/wp-content/uploads/2021/08/BBQ-Manual-Grill-Stand3-150x150.jpg']",সারাদেশব্যপী হোলসেল প্রাইজ এ ডেলিভারি করে থাকি। সর্বনিম্ন অর্ডার ১ কার্টোন। পণ্যের মুল্যের সাথে ডেলিভারি চার্জ ও কুরিয়ার চার্জ যোগ হবে। 40% টাকা অগ্রিম দিতে হবে।আপনার চাহিদা অনুযায়ী কাস্টম অর্ডার ও তৈরি করতে পারেন। কাস্টম অর্ডার তৈরি করতে “Custom Order” বাটনে ক্লিক করুন।,,[],,False
moveable-side-table.html,Moveable Side Table,"['https://rabeyaenterprise.com/wp-content/uploads/2023/01/Moveable-Table-3.jpg', 'https://rabeyaenterprise.com/wp-content/uploads/2025/11/Moveable-Table-2.jpg', 'https://rabeyaenterprise.com/wp-content/uploads/2025/11/Moveable-Table.jpg', 'https://rabeyaenterprise.com/wp-content/uploads/2023/01/Mobeable-Side-Table-F3.jpg', 'https://rabeyaenterprise.com/wp-content/uploads/2023/01/Moveable-Table-3-150x150.jpg', 'https://rabeyaenterprise.com/wp-content/uploads/2025/11/Moveable-Table-2-150x150.jpg', 'https://rabeyaenterprise.com/wp-content/uploads/2025/11/Moveable-Table-150x150.jpg', 'https://rabeyaenterprise.com/wp-content/uploads/2023/01/Mobeable-Side-Table-F3-150x150.jpg']",,,[],,False
waterproof-case-for-phone-holder.html,Waterproof Mobile Case,['https://rabeyaenterprise.com/wp-content/uploads/2022/03/waterproof-case-for-phone-holder-F4.jpg'],Universal Motorcycle Bike Waterproof Mobile Phone Holder with Magnetic Retractable Multifunctional Adjustment Bicycle phone Bracket,,[],,False
rosemary-hair-oil-30ml.html,Rosemary Hair Oil (30ml),"['https://rabeyaenterprise.com/wp-content/uploads/2023/09/Rosemary-Hair-Oil-30ml.jpg', 'https://rabeyaenterprise.com/wp-content/uploads/2023/09/Rosemary-Hair-Oil-30ml5.jpg', 'https://rabeyaenterprise.com/wp-content/uploads/2023/09/Rosemary-Hair-Oil-30ml4.jpg', 'https://rabeyaenterprise.com/wp-content/uploads/2023/09/Rosemary-Hair-Oil-30ml3.jpg', 'https://rabeyaenterprise.com/wp-content/uploads/2023/09/Rosemary-Hair-Oil-30ml2.jpg', 'https://rabeyaenterprise.com/wp-content/uploads/2023/09/Rosemary-Hair-Oil-30ml-150x150.jpg', 'https://rabeyaenterprise.com/wp-content/uploads/2023/09/Rosemary-Hair-Oil-30ml5-150x150.jpg', 'https://rabeyaenterprise.com/wp-content/uploads/2023/09/Rosemary-Hair-Oil-30ml4-150x150.jpg', 'https://rabeyaenterprise.com/wp-content/uploads/2023/09/Rosemary-Hair-Oil-30ml3-150x150.jpg', 'https://rabeyaenterprise.com/wp-content/uploads/2023/09/Rosemary-Hair-Oil-30ml2-150x150.jpg']",,,[],,False
silicone-lids-cover.html,Silicone Lids Cover,"['https://rabeyaenterprise.com/wp-content/uploads/2022/04/Silicone-Lids-Cover.jpg', 'https://rabeyaenterprise.com/wp-content/uploads/2022/04/Silicone-Lids-Cover3.jpg', 'https://rabeyaenterprise.com/wp-content/uploads/2022/04/Silicone-Lids-Cover2.jpg', 'https://rabeyaenterprise.com/wp-content/uploads/2022/04/Silicone-Lids-Cover-150x150.jpg', 'https://rabeyaenterprise.com/wp-content/uploads/2022/04/Silicone-Lids-Cover3-150x150.jpg', 'https://rabeyaenterprise.com/wp-content/uploads/2022/04/Silicone-Lids-Cover2-150x150.jpg']",,,[],,False
stainless-steel-round-holy-word-pendant-necklace.html,STAINLESS STEEL ROUND HOLY WORD PENDANT NECKLACE,"['https://rabeyaenterprise.com/wp-content/uploads/2023/10/STAINLESS-STEEL-ROUND-HOLY-WORD-PENDANT-NECKLACE.jpg', 'https://rabeyaenterprise.com/wp-content/uploads/2023/10/STAINLESS-STEEL-ROUND-HOLY-WORD-PENDANT-NECKLACE5.jpg', 'https://rabeyaenterprise.com/wp-content/uploads/2023/10/STAINLESS-STEEL-ROUND-HOLY-WORD-PENDANT-NECKLACE4.jpg', 'https://rabeyaenterprise.com/wp-content/uploads/2023/10/STAINLESS-STEEL-ROUND-HOLY-WORD-PENDANT-NECKLACE3.jpg', 'https://rabeyaenterprise.com/wp-content/uploads/2023/10/STAINLESS-STEEL-ROUND-HOLY-WORD-PENDANT-NECKLACE2.jpg', 'https://rabeyaenterprise.com/wp-content/uploads/2023/10/STAINLESS-STEEL-ROUND-HOLY-WORD-PENDANT-NECKLACE-150x150.jpg', 'https://rabeyaenterprise.com/wp-content/uploads/2023/10/STAINLESS-STEEL-ROUND-HOLY-WORD-PENDANT-NECKLACE5-150x150.jpg', 'https://rabeyaenterprise.com/wp-content/uploads/2023/10/STAINLESS-STEEL-ROUND-HOLY-WORD-PENDANT-NECKLACE4-150x150.jpg', 'https://rabeyaenterprise.com/wp-content/uploads/2023/10/STAINLESS-STEEL-ROUND-HOLY-WORD-PENDANT-NECKLACE3-150x150.jpg', 'https://rabeyaenterprise.com/wp-content/uploads/2023/10/STAINLESS-STEEL-ROUND-HOLY-WORD-PENDANT-NECKLACE2-150x150.jpg']","Golden, Silver",,[],,False
arctic-air-cooler.html,Arctic Air Cooler(STOCK OUT),"['https://rabeyaenterprise.com/wp-content/uploads/2021/08/Arctic-Air-Cooler.jpg', 'https://rabeyaenterprise.com/wp-content/uploads/2021/08/Arctic-Air-Cooler2.jpg', 'https://rabeyaenterprise.com/wp-content/uploads/2021/08/Arctic-Air-Cooler-150x150.jpg', 'https://rabeyaenterprise.com/wp-content/uploads/2021/08/Arctic-Air-Cooler2-150x113.jpg']",সারাদেশব্যপী হোলসেল প্রাইজ এ ডেলিভারি করে থাকি। সর্বনিম্ন অর্ডার ১ কার্টোন। পণ্যের মুল্যের সাথে ডেলিভারি চার্জ ও কুরিয়ার চার্জ যোগ হবে। 40% টাকা অগ্রিম দিতে হবে।,,[],,False
knitted-baby-winter-cap.html,KNITTED BABY WINTER CAP,"['https://rabeyaenterprise.com/wp-content/uploads/2023/11/KNITTED-BABY-WINTER-CAP.jpg', 'https://rabeyaenterprise.com/wp-content/uploads/2023/11/KNITTED-BABY-WINTER-CAP3.jpg', 'https://rabeyaenterprise.com/wp-content/uploads/2023/11/KNITTED-BABY-WINTER-CAP4.jpg', 'https://rabeyaenterprise.com/wp-content/uploads/2023/11/KNITTED-BABY-WINTER-CAP5.jpg', 'https://rabeyaenterprise.com/wp-content/uploads/2023/11/KNITTED-BABY-WINTER-CAP6.jpg', 'https://rabeyaenterprise.com/wp-content/uploads/2023/11/KNITTED-BABY-WINTER-CAP7.jpg', 'https://rabeyaenterprise.com/wp-content/uploads/2023/11/KNITTED-BABY-WINTER-CAP2.jpg', 'https://rabeyaenterprise.com/wp-content/uploads/2023/11/KNITTED-BABY-WINTER-CAP8.jpg', 'https://rabeyaenterprise.com/wp-content/uploads/2023/11/KNITTED-BABY-WINTER-CAP9.jpg', 'https://rabeyaenterprise.com/wp-content/uploads/2023/11/KNITTED-BABY-WINTER-CAP-150x150.jpg', 'https://rabeyaenterprise.com/wp-content/uploads/2023/11/KNITTED-BABY-WINTER-CAP3-150x150.jpg', 'https://rabeyaenterprise.com/wp-content/uploads/2023/11/KNITTED-BABY-WINTER-CAP4-150x150.jpg', 'https://rabeyaenterprise.com/wp-content/uploads/2023/11/KNITTED-BABY-WINTER-CAP5-150x150.jpg', 'https://rabeyaenterprise.com/wp-content/uploads/2023/11/KNITTED-BABY-WINTER-CAP6-150x150.jpg', 'https://rabeyaenterprise.com/wp-content/uploads/2023/11/KNITTED-BABY-WINTER-CAP7-150x150.jpg', 'https://rabeyaenterprise.com/wp-content/uploads/2023/11/KNITTED-BABY-WINTER-CAP2-150x150.jpg', 'https://rabeyaenterprise.com/wp-content/uploads/2023/11/KNITTED-BABY-WINTER-CAP8-150x150.jpg', 'https://rabeyaenterprise.com/wp-content/uploads/2023/11/KNITTED-BABY-WINTER-CAP9-150x150.jpg']",,,[],,False
3d-reflective-sticker.html,3D Reflective Sticker,"['https://rabeyaenterprise.com/wp-content/uploads/2023/11/3D-Reflective-Sticker.jpg', 'https://rabeyaenterprise.com/wp-content/uploads/2023/11/3D-Reflective-Sticker2.jpg', 'https://rabeyaenterprise.com/wp-content/uploads/2023/11/3D-Reflective-Sticker-150x150.jpg', 'https://rabeyaenterprise.com/wp-content/uploads/2023/11/3D-Reflective-Sticker2-150x150.jpg']",,,[],,False
electric-grinder-model-fp824.html,Electric Grinder 1000w Model -FP824,"['https://rabeyaenterprise.com/wp-content/uploads/2024/11/Untitled-design-3.png', 'https://rabeyaenterprise.com/wp-content/uploads/2024/11/Electric-Grinder-1000w-Model-FP824-3.jpg', 'https://rabeyaenterprise.com/wp-content/uploads/2024/11/Electric-Grinder-1000w-Model-FP824-2.jpg', 'https://rabeyaenterprise.com/wp-content/uploads/2024/11/Untitled-design-3-150x150.png', 'https://rabeyaenterprise.com/wp-content/uploads/2024/11/Electric-Grinder-1000w-Model-FP824-3-150x150.jpg', 'https://rabeyaenterprise.com/wp-content/uploads/2024/11/Electric-Grinder-1000w-Model-FP824-2-150x150.jpg']",,,[],,False
watch-poedagar-836.html,Watch Poedagar 836,"['https://rabeyaenterprise.com/wp-content/uploads/2023/08/364392436_323199470149171_8354603206718718528_n.jpg', 'https://rabeyaenterprise.com/wp-content/uploads/2023/08/2022-Top-Brand-Luxury-Men-s-Watch-30m-Waterproof-Date-Clock-Male-Sports-Watches-Men-Quartz.jpg_Q90.jpg_.webp', 'https://rabeyaenterprise.com/wp-content/uploads/2023/08/364392436_323199470149171_8354603206718718528_n-1.jpg', 'https://rabeyaenterprise.com/wp-content/uploads/2023/08/POEDAGAR-New-Fashion-Casual-Men-s-Watch-Top-Brand-Multicolor-Style-Watch-Men-s-Sports-Waterproof.jpg_Q90.jpg_-1.webp', 'https://rabeyaenterprise.com/wp-content/uploads/2023/08/POEDAGAR-New-Fashion-Casual-Men-s-Watch-Top-Brand-Multicolor-Style-Watch-Men-s-Sports-Waterproof.jpg_Q90.jpg_-2.webp', 'https://rabeyaenterprise.com/wp-content/uploads/2023/08/POEDAGAR-New-Fashion-Casual-Men-s-Watch-Top-Brand-Multicolor-Style-Watch-Men-s-Sports-Waterproof.jpg_Q90.jpg_-3.webp', 'https://rabeyaenterprise.com/wp-content/uploads/2023/08/POEDAGAR-New-Fashion-Casual-Men-s-Watch-Top-Brand-Multicolor-Style-Watch-Men-s-Sports-Waterproof.jpg_Q90.jpg_.webp', 'https://rabeyaenterprise.com/wp-content/uploads/2023/08/POEDAGAR-New-Fashion-Casual-Men-s-Watch-Top-Brand-Multicolor-Style-Watch-Men-s-Sports-Waterproof.png_.webp', 'https://rabeyaenterprise.com/wp-content/uploads/2023/08/364392436_323199470149171_8354603206718718528_n-150x150.jpg', 'https://rabeyaenterprise.com/wp-content/uploads/2023/08/2022-Top-Brand-Luxury-Men-s-Watch-30m-Waterproof-Date-Clock-Male-Sports-Watches-Men-Quartz.jpg_Q90.jpg_-150x150.webp', 'https://rabeyaenterprise.com/wp-content/uploads/2023/08/364392436_323199470149171_8354603206718718528_n-1-150x150.jpg', 'https://rabeyaenterprise.com/wp-content/uploads/2023/08/POEDAGAR-New-Fashion-Casual-Men-s-Watch-Top-Brand-Multicolor-Style-Watch-Men-s-Sports-Waterproof.jpg_Q90.jpg_-1-150x150.webp', 'https://rabeyaenterprise.com/wp-content/uploads/2023/08/POEDAGAR-New-Fashion-Casual-Men-s-Watch-Top-Brand-Multicolor-Style-Watch-Men-s-Sports-Waterproof.jpg_Q90.jpg_-2-150x150.webp', 'https://rabeyaenterprise.com/wp-content/uploads/2023/08/POEDAGAR-New-Fashion-Casual-Men-s-Watch-Top-Brand-Multicolor-Style-Watch-Men-s-Sports-Waterproof.jpg_Q90.jpg_-3-150x150.webp', 'https://rabeyaenterprise.com/wp-content/uploads/2023/08/POEDAGAR-New-Fashion-Casual-Men-s-Watch-Top-Brand-Multicolor-Style-Watch-Men-s-Sports-Waterproof.jpg_Q90.jpg_-150x150.webp', 'https://rabeyaenterprise.com/wp-content/uploads/2023/08/POEDAGAR-New-Fashion-Casual-Men-s-Watch-Top-Brand-Multicolor-Style-Watch-Men-s-Sports-Waterproof.png_-150x150.webp']",,,[],,False
wall-shelf-multiple-hook-storage.html,Wall Shelf Multiple Hook Storage,"['https://rabeyaenterprise.com/wp-content/uploads/2021/11/Wall-Shelf-Multiple-Hook-Storage2.jpg', 'https://rabeyaenterprise.com/wp-content/uploads/2021/11/Wall-Shelf-Multiple-Hook-Storage3.jpg', 'https://rabeyaenterprise.com/wp-content/uploads/2021/11/Wall-Shelf-Multiple-Hook-Storage.jpg', 'https://rabeyaenterprise.com/wp-content/uploads/2021/11/Wall-Shelf-Multiple-Hook-Storage2-150x150.jpg', 'https://rabeyaenterprise.com/wp-content/uploads/2021/11/Wall-Shelf-Multiple-Hook-Storage3-150x150.jpg', 'https://rabeyaenterprise.com/wp-content/uploads/2021/11/Wall-Shelf-Multiple-Hook-Storage-150x150.jpg']",,,[],,False
pulling-rope-set.html,Multi Function Resistance Bands Set,['https://rabeyaenterprise.com/wp-content/uploads/2021/08/Multi-Function-Resistance-Bands-Set.jpg'],11pcs Yoga Resistance Bands Set Pull Rope Elastic Latex Tubes Fitness Yoga Band Equipment for Gym Fitness For Home Fitness,,[],,False
waterproof-shoe-cover.html,Waterproof Shoe Cover,"['https://rabeyaenterprise.com/wp-content/uploads/2022/06/Waterproof-Shoe-Cover.jpg', 'https://rabeyaenterprise.com/wp-content/uploads/2022/06/Waterproof-Shoe-Cover4.jpg', 'https://rabeyaenterprise.com/wp-content/uploads/2022/06/Waterproof-Shoe-Cover3.jpg', 'https://rabeyaenterprise.com/wp-content/uploads/2022/06/Waterproof-Shoe-Cover2.jpg', 'https://rabeyaenterprise.com/wp-content/uploads/2022/06/Waterproof-Shoe-Cover-150x150.jpg', 'https://rabeyaenterprise.com/wp-content/uploads/2022/06/Waterproof-Shoe-Cover4-150x150.jpg', 'https://rabeyaenterprise.com/wp-content/uploads/2022/06/Waterproof-Shoe-Cover3-150x150.jpg', 'https://rabeyaenterprise.com/wp-content/uploads/2022/06/Waterproof-Shoe-Cover2-150x150.jpg']",Silicone Waterproof Shoe Cover Outdoor Rainproof Hiking Skid-proof Shoe Covers,,[],,False
kitchen-3-layered-storage-rack.html,Kitchen 3 Layered Storage Rack,"['https://rabeyaenterprise.com/wp-content/uploads/2021/12/Kitchen-3-Layered-Storage-Rack2.jpg', 'https://rabeyaenterprise.com/wp-content/uploads/2021/12/Kitchen-3-Layered-Storage-Rack.jpg', 'https://rabeyaenterprise.com/wp-content/uploads/2021/12/Kitchen-3-Layered-Storage-Rack2-150x150.jpg', 'https://rabeyaenterprise.com/wp-content/uploads/2021/12/Kitchen-3-Layered-Storage-Rack-150x150.jpg']",3 Layers Rack Seasoning Organizer Storage Shelf Kitchen Storage Rack Spices Organizer Shelf,,[],,False
pocket-rain-card_raincoat.html,Pocket Rain Card_Raincoat,"['https://rabeyaenterprise.com/wp-content/uploads/2021/08/Pocket-Rain-Card-F3.jpg', 'https://rabeyaenterprise.com/wp-content/uploads/2021/08/Pocket-Rain-Card-F2.jpg', 'https://rabeyaenterprise.com/wp-content/uploads/2021/08/Pocket-Rain-Card-F4.jpg', 'https://rabeyaenterprise.com/wp-content/uploads/2021/08/Pocket-Rain-Card-F5.jpg', 'https://rabeyaenterprise.com/wp-content/uploads/2021/08/Pocket-Rain-Card-F1.jpg', 'https://rabeyaenterprise.com/wp-content/uploads/2021/08/Pocket-Rain-Card-F3-150x150.jpg', 'https://rabeyaenterprise.com/wp-content/uploads/2021/08/Pocket-Rain-Card-F2-150x150.jpg', 'https://rabeyaenterprise.com/wp-content/uploads/2021/08/Pocket-Rain-Card-F4-150x150.jpg', 'https://rabeyaenterprise.com/wp-content/uploads/2021/08/Pocket-Rain-Card-F5-150x150.jpg', 'https://rabeyaenterprise.com/wp-content/uploads/2021/08/Pocket-Rain-Card-F1-150x150.jpg']",সারাদেশব্যপী ডেলিভারি করে থাকি। সর্বনিম্ন অর্ডার ১ কার্টোন। পণ্যের মুল্যের সাথে ডেলিভারি চার্জ ও কুরিয়ার চার্জ যোগ হবে। 40% টাকা অগ্রিম দিতে হবে।,,[],,False
eelhoe-daily-serum-anti-aging.html,EELHOE Daily Serum Anti-aging,"['https://rabeyaenterprise.com/wp-content/uploads/2023/09/EELHOE-Daily-Serum-Anti-Aging-2.jpg', 'https://rabeyaenterprise.com/wp-content/uploads/2023/09/EELHOE-Daily-Serum-Anti-Aging-6.jpg', 'https://rabeyaenterprise.com/wp-content/uploads/2023/09/EELHOE-Daily-Serum-Anti-Aging-5.jpg', 'https://rabeyaenterprise.com/wp-content/uploads/2023/09/EELHOE-Daily-Serum-Anti-Aging-4.jpg', 'https://rabeyaenterprise.com/wp-content/uploads/2023/09/EELHOE-Daily-Serum-Anti-Aging-3.jpg', 'https://rabeyaenterprise.com/wp-content/uploads/2023/09/EELHOE-Daily-Serum-Anti-Aging.jpg', 'https://rabeyaenterprise.com/wp-content/uploads/2023/09/EELHOE-Daily-Serum-Anti-Aging-2-150x150.jpg', 'https://rabeyaenterprise.com/wp-content/uploads/2023/09/EELHOE-Daily-Serum-Anti-Aging-6-150x150.jpg', 'https://rabeyaenterprise.com/wp-content/uploads/2023/09/EELHOE-Daily-Serum-Anti-Aging-5-150x150.jpg', 'https://rabeyaenterprise.com/wp-content/uploads/2023/09/EELHOE-Daily-Serum-Anti-Aging-4-150x150.jpg', 'https://rabeyaenterprise.com/wp-content/uploads/2023/09/EELHOE-Daily-Serum-Anti-Aging-3-150x150.jpg', 'https://rabeyaenterprise.com/wp-content/uploads/2023/09/EELHOE-Daily-Serum-Anti-Aging-150x150.jpg']",,,[],,False
portable-foldable-laptop-table.html,Folding Baby Desk,"['https://rabeyaenterprise.com/wp-content/uploads/2021/08/Foldable-Laptop-Table2.webp', 'https://rabeyaenterprise.com/wp-content/uploads/2021/08/Portable-Foldable-Laptop-Table-N4.jpg', 'https://rabeyaenterprise.com/wp-content/uploads/2021/08/Portable-Foldable-Laptop-Table-N5.jpg', 'https://rabeyaenterprise.com/wp-content/uploads/2021/08/Portable-Foldable-Laptop-Table-N1.jpg', 'https://rabeyaenterprise.com/wp-content/uploads/2021/08/Foldable-Laptop-Table1.jpg', 'https://rabeyaenterprise.com/wp-content/uploads/2021/08/Foldable-Laptop-Table2-150x150.webp', 'https://rabeyaenterprise.com/wp-content/uploads/2021/08/Portable-Foldable-Laptop-Table-N4-150x150.jpg', 'https://rabeyaenterprise.com/wp-content/uploads/2021/08/Portable-Foldable-Laptop-Table-N5-150x150.jpg', 'https://rabeyaenterprise.com/wp-content/uploads/2021/08/Portable-Foldable-Laptop-Table-N1-150x150.jpg', 'https://rabeyaenterprise.com/wp-content/uploads/2021/08/Foldable-Laptop-Table1-150x150.jpg']",,,[],,False
rain-card-5pcs-handgloves-2pcs-package.html,Rain Card 5pcs + Handgloves 2pcs Package,['https://rabeyaenterprise.com/wp-content/uploads/2021/08/Rain-Card-Cobmo-Ads.jpg'],,,[],,False
eelhoe-silk-essence-soap.html,Eelhoe Silk Essence Soap,"['https://rabeyaenterprise.com/wp-content/uploads/2023/01/EELHOE-Silk-Essence-Soap-F1.jpg', 'https://rabeyaenterprise.com/wp-content/uploads/2023/01/EELHOE-Silk-Essence-Soap-F4.jpg', 'https://rabeyaenterprise.com/wp-content/uploads/2023/01/EELHOE-Silk-Essence-Soap-F3.jpg', 'https://rabeyaenterprise.com/wp-content/uploads/2023/01/EELHOE-Silk-Essence-Soap-F2.jpg', 'https://rabeyaenterprise.com/wp-content/uploads/2023/01/EELHOE-Silk-Essence-Soap-F1-150x150.jpg', 'https://rabeyaenterprise.com/wp-content/uploads/2023/01/EELHOE-Silk-Essence-Soap-F4-150x150.jpg', 'https://rabeyaenterprise.com/wp-content/uploads/2023/01/EELHOE-Silk-Essence-Soap-F3-150x150.jpg', 'https://rabeyaenterprise.com/wp-content/uploads/2023/01/EELHOE-Silk-Essence-Soap-F2-150x150.jpg']",,,[],,False
6-layer-square-shape-kitchen-rack.html,6 Layer Square Shape Kitchen Rack,"['https://rabeyaenterprise.com/wp-content/uploads/2025/11/6-layer-squre-shape-kitchen-Rack-8.jpg', 'https://rabeyaenterprise.com/wp-content/uploads/2025/11/6-layer-squre-shape-kitchen-Rack-9.jpg', 'https://rabeyaenterprise.com/wp-content/uploads/2025/11/6-layer-squre-shape-kitchen-Rack-7.jpg', 'https://rabeyaenterprise.com/wp-content/uploads/2025/11/6-layer-squre-shape-kitchen-Rack-6.jpg', 'https://rabeyaenterprise.com/wp-content/uploads/2025/11/6-layer-squre-shape-kitchen-Rack-2.jpg', 'https://rabeyaenterprise.com/wp-content/uploads/2025/11/6-layer-squre-shape-kitchen-Rack-1.jpg', 'https://rabeyaenterprise.com/wp-content/uploads/2025/11/6-layer-squre-shape-kitchen-Rack-3.jpg', 'https://rabeyaenterprise.com/wp-content/uploads/2025/11/6-layer-squre-shape-kitchen-Rack-8-150x150.jpg', 'https://rabeyaenterprise.com/wp-content/uploads/2025/11/6-layer-squre-shape-kitchen-Rack-9-150x150.jpg', 'https://rabeyaenterprise.com/wp-content/uploads/2025/11/6-layer-squre-shape-kitchen-Rack-7-150x150.jpg', 'https://rabeyaenterprise.com/wp-content/uploads/2025/11/6-layer-squre-shape-kitchen-Rack-6-150x150.jpg', 'https://rabeyaenterprise.com/wp-content/uploads/2025/11/6-layer-squre-shape-kitchen-Rack-2-150x150.jpg', 'https://rabeyaenterprise.com/wp-content/uploads/2025/11/6-layer-squre-shape-kitchen-Rack-1-150x150.jpg', 'https://rabeyaenterprise.com/wp-content/uploads/2025/11/6-layer-squre-shape-kitchen-Rack-3-150x150.jpg']","আপনার কিচেনকে রাখুন আরও গোছানো ও স্টাইলিশ! এই 6 লেয়ার স্কয়ার মেটাল র‍্যাকটি ফল, সবজি, আলু, পেঁয়াজ বা রান্নাঘরের অন্যান্য জিনিস সংরক্ষণের জন্য পারফেক্ট। টেকসই, আধুনিক ডিজাইন ও সহজ পরিষ্কারের সুবিধাসহ।",,[],,False
electric-baby-nasal-cleaner.html,Sniffing Equipment  For Children,"['https://rabeyaenterprise.com/wp-content/uploads/2023/11/Sniffing-Equipment-For-Children.jpg', 'https://rabeyaenterprise.com/wp-content/uploads/2023/11/Sniffing-Equipment-For-Children5.jpg', 'https://rabeyaenterprise.com/wp-content/uploads/2023/11/Sniffing-Equipment-For-Children4.jpg', 'https://rabeyaenterprise.com/wp-content/uploads/2023/11/Sniffing-Equipment-For-Children3.jpg', 'https://rabeyaenterprise.com/wp-content/uploads/2023/11/Sniffing-Equipment-For-Children2.jpg', 'https://rabeyaenterprise.com/wp-content/uploads/2023/11/Sniffing-Equipment-For-Children-150x150.jpg', 'https://rabeyaenterprise.com/wp-content/uploads/2023/11/Sniffing-Equipment-For-Children5-150x150.jpg', 'https://rabeyaenterprise.com/wp-content/uploads/2023/11/Sniffing-Equipment-For-Children4-150x150.jpg', 'https://rabeyaenterprise.com/wp-content/uploads/2023/11/Sniffing-Equipment-For-Children3-150x150.jpg', 'https://rabeyaenterprise.com/wp-content/uploads/2023/11/Sniffing-Equipment-For-Children2-150x150.jpg']",,,['Moms & Kids'],,False
double-layer-soap-shelf-with-hook.html,Double layer soap shelf with hook,"['https://rabeyaenterprise.com/wp-content/uploads/2022/06/Double-layer-soap-shelf-with-hook2.jpg', 'https://rabeyaenterprise.com/wp-content/uploads/2022/06/Double-layer-soap-shelf-with-hook4.jpg', 'https://rabeyaenterprise.com/wp-content/uploads/2022/06/Double-layer-soap-shelf-with-hook3.jpg', 'https://rabeyaenterprise.com/wp-content/uploads/2022/06/Double-layer-soap-shelf-with-hook.jpg', 'https://rabeyaenterprise.com/wp-content/uploads/2022/06/Double-layer-soap-shelf-with-hook2-150x150.jpg', 'https://rabeyaenterprise.com/wp-content/uploads/2022/06/Double-layer-soap-shelf-with-hook4-150x150.jpg', 'https://rabeyaenterprise.com/wp-content/uploads/2022/06/Double-layer-soap-shelf-with-hook3-150x150.jpg', 'https://rabeyaenterprise.com/wp-content/uploads/2022/06/Double-layer-soap-shelf-with-hook-150x150.jpg']",With Hooks Non-slip Punch-free Large Space Moisture-proof Double-deck Storage Box Soap Dish,,[],,False
double-head-massage-gun.html,Double Headed Fascia Gun,"['https://rabeyaenterprise.com/wp-content/uploads/2023/09/Double-Headed-Fascia-Gun.jpg', 'https://rabeyaenterprise.com/wp-content/uploads/2023/09/Double-Headed-Fascia-Gun-1.jpg', 'https://rabeyaenterprise.com/wp-content/uploads/2023/09/Double-Headed-Fascia-Gun3.jpg', 'https://rabeyaenterprise.com/wp-content/uploads/2023/09/Double-Headed-Fascia-Gun2-1.jpg', 'https://rabeyaenterprise.com/wp-content/uploads/2023/09/Double-Headed-Fascia-Gun2.jpg', 'https://rabeyaenterprise.com/wp-content/uploads/2023/09/Double-Headed-Fascia-Gun3-1.jpg', 'https://rabeyaenterprise.com/wp-content/uploads/2023/09/Double-Headed-Fascia-Gun-150x150.jpg', 'https://rabeyaenterprise.com/wp-content/uploads/2023/09/Double-Headed-Fascia-Gun-1-150x150.jpg', 'https://rabeyaenterprise.com/wp-content/uploads/2023/09/Double-Headed-Fascia-Gun3-150x150.jpg', 'https://rabeyaenterprise.com/wp-content/uploads/2023/09/Double-Headed-Fascia-Gun2-1-150x150.jpg', 'https://rabeyaenterprise.com/wp-content/uploads/2023/09/Double-Headed-Fascia-Gun2-150x150.jpg', 'https://rabeyaenterprise.com/wp-content/uploads/2023/09/Double-Headed-Fascia-Gun3-1-150x150.jpg']",,,[],,False
mom-bags-set.html,Mom Bags Set,"['https://rabeyaenterprise.com/wp-content/uploads/2021/08/Mom-Bags-Set.jpg', 'https://rabeyaenterprise.com/wp-content/uploads/2021/08/Mom-Bags-Set3.jpg', 'https://rabeyaenterprise.com/wp-content/uploads/2021/08/Mom-Bags-Set2.jpg', 'https://rabeyaenterprise.com/wp-content/uploads/2021/08/Mom-Bags-Set-150x150.jpg', 'https://rabeyaenterprise.com/wp-content/uploads/2021/08/Mom-Bags-Set3-150x150.jpg', 'https://rabeyaenterprise.com/wp-content/uploads/2021/08/Mom-Bags-Set2-150x150.jpg']",Mother Bag Baby Diaper Bags Sets Multifunctional Baby Nursing Nappy Bag For Mom Organizer..,,[],,False
nozzle-washer-element.html,Nozzle Washer Element,"['https://rabeyaenterprise.com/wp-content/uploads/2022/07/NOZZLE-WASHER-ELEMENT-F2.jpg', 'https://rabeyaenterprise.com/wp-content/uploads/2022/07/NOZZLE-WASHER-ELEMENT-F1.jpg', 'https://rabeyaenterprise.com/wp-content/uploads/2022/07/NOZZLE-WASHER-ELEMENT-F3.jpg', 'https://rabeyaenterprise.com/wp-content/uploads/2022/07/NOZZLE-WASHER-ELEMENT-F4.jpg', 'https://rabeyaenterprise.com/wp-content/uploads/2022/07/NOZZLE-WASHER-ELEMENT-F5.jpg', 'https://rabeyaenterprise.com/wp-content/uploads/2022/07/NOZZLE-WASHER-ELEMENT-F2-150x150.jpg', 'https://rabeyaenterprise.com/wp-content/uploads/2022/07/NOZZLE-WASHER-ELEMENT-F1-150x150.jpg', 'https://rabeyaenterprise.com/wp-content/uploads/2022/07/NOZZLE-WASHER-ELEMENT-F3-150x150.jpg', 'https://rabeyaenterprise.com/wp-content/uploads/2022/07/NOZZLE-WASHER-ELEMENT-F4-150x150.jpg', 'https://rabeyaenterprise.com/wp-content/uploads/2022/07/NOZZLE-WASHER-ELEMENT-F5-150x150.jpg']",High Pressure Car Wash Water Gun Direct Sprinkler Watering Garden Car Cleaning Magic Device Soft Water Pipe Super Charged Tools,,[],,False
ginger-assential-oil-10ml.html,GINGER ASSENTIAL OIL 10ML,"['https://rabeyaenterprise.com/wp-content/uploads/2023/11/GINGER-ASSENTIAL-OIL-10ML.jpg', 'https://rabeyaenterprise.com/wp-content/uploads/2023/11/GINGER-ASSENTIAL-OIL-10ML6.jpg', 'https://rabeyaenterprise.com/wp-content/uploads/2023/11/GINGER-ASSENTIAL-OIL-10ML5.jpg', 'https://rabeyaenterprise.com/wp-content/uploads/2023/11/GINGER-ASSENTIAL-OIL-10ML4.jpg', 'https://rabeyaenterprise.com/wp-content/uploads/2023/11/GINGER-ASSENTIAL-OIL-10ML3.jpg', 'https://rabeyaenterprise.com/wp-content/uploads/2023/11/GINGER-ASSENTIAL-OIL-10ML2.jpg', 'https://rabeyaenterprise.com/wp-content/uploads/2023/11/GINGER-ASSENTIAL-OIL-10ML-150x150.jpg', 'https://rabeyaenterprise.com/wp-content/uploads/2023/11/GINGER-ASSENTIAL-OIL-10ML6-150x150.jpg', 'https://rabeyaenterprise.com/wp-content/uploads/2023/11/GINGER-ASSENTIAL-OIL-10ML5-150x150.jpg', 'https://rabeyaenterprise.com/wp-content/uploads/2023/11/GINGER-ASSENTIAL-OIL-10ML4-150x150.jpg', 'https://rabeyaenterprise.com/wp-content/uploads/2023/11/GINGER-ASSENTIAL-OIL-10ML3-150x150.jpg', 'https://rabeyaenterprise.com/wp-content/uploads/2023/11/GINGER-ASSENTIAL-OIL-10ML2-150x150.jpg']",,,[],,False
video-making-kit.html,Video Making Kit with Bluetooth,"['https://rabeyaenterprise.com/wp-content/uploads/2022/07/Video-Making-Kit-with-Bluetooth.jpg', 'https://rabeyaenterprise.com/wp-content/uploads/2022/07/Video-Making-Kit-with-Bluetooth3.jpg', 'https://rabeyaenterprise.com/wp-content/uploads/2022/07/Video-Making-Kit-with-Bluetooth2.jpg', 'https://rabeyaenterprise.com/wp-content/uploads/2022/07/Video-Making-Kit-with-Bluetooth-150x150.jpg', 'https://rabeyaenterprise.com/wp-content/uploads/2022/07/Video-Making-Kit-with-Bluetooth3-150x150.jpg', 'https://rabeyaenterprise.com/wp-content/uploads/2022/07/Video-Making-Kit-with-Bluetooth2-150x150.jpg']",AY-49 Video Vlogger Kits Microphone LED Fill Light Mini Tripod For Phone Vlog Video Recording Condenser,,[],,False
